Fecha, Nivel(m), Gasto(mÂ³/s)
01-01-14,-,-
02-01-14,0.35,1.94
03-01-14,0.35,1.9
04-01-14,0.33,1.71
05-01-14,0.32,1.62
06-01-14,0.3,1.44
07-01-14,0.3,1.42
08-01-14,0.3,0.41
09-01-14,0.29,1.19
10-01-14,0.29,1.19
11-01-14,0.29,1.18
12-01-14,0.29,1.21
13-01-14,0.29,1.2
14-01-14,0.29,1.16
15-01-14,0.27,1.02
16-01-14,0.27,0.98
17-01-14,0.27,1.01
18-01-14,0.27,1.02
19-01-14,0.27,1.02
20-01-14,0.25,0.84
21-01-14,0.25,0.84
22-01-14,0.25,0.89
23-01-14,0.24,0.84
24-01-14,0.24,0.84
25-01-14,0.24,0.86
26-01-14,0.24,0.83
27-01-14,0.24,0.8
28-01-14,0.23,0.78
29-01-14,0.23,0.74
30-01-14,0.23,0.77
31-01-14,0.23,0.77
01-02-14,0.23,0.77
02-02-14,0.23,0.77
03-02-14,0.23,0.67
04-02-14,0.23,0.7
05-02-14,0.23,0.7
06-02-14,0.23,0.69
07-02-14,0.23,0.7
08-02-14,0.23,0.69
09-02-14,0.23,0.71
10-02-14,0.22,0.67
11-02-14,0.22,0.68
12-02-14,0.22,0.64
13-02-14,0.22,0.64
14-02-14,0.22,0.63
15-02-14,0.22,0.64
16-02-14,0.22,0.66
17-02-14,0.22,0.66
18-02-14,0.2,0.55
19-02-14,0.2,0.53
20-02-14,0.2,0.55
21-02-14,0.2,0.55
22-02-14,0.19,0.48
23-02-14,0.19,0.48
24-02-14,0.19,0.48
25-02-14,0.19,0.45
26-02-14,0.19,0.45
27-02-14,0.19,0.45
28-02-14,0.19,0.46
01-03-14,0.19,0.46
02-03-14,0.19,0.46
03-03-14,0.19,0.42
04-03-14,0.19,0.42
05-03-14,0.19,0.42
06-03-14,0.19,0.42
07-03-14,0.19,0.41
08-03-14,0.19,0.4
09-03-14,0.18,0.38
10-03-14,0.18,0.38
11-03-14,0.18,0.4
12-03-14,0.18,0.42
13-03-14,0.18,0.4
14-03-14,0.18,0.41
15-03-14,0.17,0.34
16-03-14,0.17,0.34
17-03-14,0.17,0.33
18-03-14,0.17,0.32
19-03-14,0.17,0.32
20-03-14,0.17,0.32
21-03-14,0.17,0.32
22-03-14,0.17,0.31
23-03-14,0.17,0.31
24-03-14,0.17,0.31
25-03-14,0.17,0.29
26-03-14,0.17,0.29
27-03-14,0.17,0.29
28-03-14,0.17,0.29
29-03-14,0.16,0.24
30-03-14,0.16,0.23
31-03-14,0.16,0.23
01-04-14,0.16,0.22
02-04-14,0.16,0.22
03-04-14,0.16,0.26
04-04-14,0.16,0.25
05-04-14,0.16,0.25
06-04-14,0.16,0.25
07-04-14,0.16,0.24
08-04-14,0.16,0.25
09-04-14,0.16,0.25
10-04-14,0.16,0.21
11-04-14,0.16,0.2
12-04-14,0.16,0.2
13-04-14,0.16,0.21
14-04-14,0.16,0.22
15-04-14,0.16,0.21
16-04-14,0.16,0.21
17-04-14,0.15,0.17
18-04-14,0.15,0.18
19-04-14,0.15,0.17
20-04-14,0.15,0.18
21-04-14,0.15,0.18
22-04-14,0.15,0.17
23-04-14,0.15,0.18
24-04-14,0.14,0.13
25-04-14,0.14,0.16
26-04-14,0.14,0.15
27-04-14,0.14,0.16
28-04-14,0.13,0.15
29-04-14,0.13,0.15
30-04-14,0.13,0.15
01-05-14,0.13,0.15
02-05-14,0.13,0.14
03-05-14,0.13,0.6
04-05-14,0.13,0.12
05-05-14,0.13,0.15
06-05-14,0.13,0.15
07-05-14,0.13,0.15
08-05-14,0.13,0.14
09-05-14,0.13,0.14
10-05-14,0.13,0.15
11-05-14,0.13,0.13
12-05-14,0.13,0.15
13-05-14,0.13,0.15
14-05-14,0.13,0.16
15-05-14,0.13,0.14
16-05-14,0.13,0.15
17-05-14,0.13,0.13
18-05-14,0.11,0.1
19-05-14,0.11,0.1
20-05-14,0.11,0.1
21-05-14,0.11,0.1
22-05-14,0.1,0.07
23-05-14,0.1,0.07
24-05-14,0.1,0.07
25-05-14,0.1,0.08
26-05-14,0.1,0.08
27-05-14,0.1,0.08
28-05-14,0.11,0.09
29-05-14,0.11,0.09
30-05-14,0.11,0.1
31-05-14,0.11,0.09
01-06-14,0.1,0.07
02-06-14,0.1,0.07
03-06-14,0.1,0.06
04-06-14,0.1,0.06
05-06-14,0.1,0.6
06-06-14,0.1,0.05
07-06-14,0.1,0.05
08-06-14,0.1,0.05
09-06-14,0.1,0.05
10-06-14,0.1,0.51
11-06-14,0.1,0.05
12-06-14,0.1,0.05
13-06-14,0.1,0.04
14-06-14,0.1,0.05
15-06-14,0.1,0.04
16-06-14,0.1,0.04
17-06-14,0.1,0.04
18-06-14,0.1,0.04
19-06-14,0.12,0.06
20-06-14,0.14,0.13
21-06-14,0.12,0.08
22-06-14,0.14,0.09
23-06-14,0.14,0.09
24-06-14,0.14,0.08
25-06-14,0.14,0.08
26-06-14,0.14,0.08
27-06-14,0.14,0.07
28-06-14,0.14,0.08
29-06-14,0.14,0.08
30-06-14,0.14,0.07
01-07-14,0.14,0.07
02-07-14,0.13,0.07
03-07-14,0.12,0.06
04-07-14,0.01,0.05
05-07-14,0.12,0.06
06-07-14,0.12,0.05
07-07-14,0.12,0.05
08-07-14,0.11,0.04
09-07-14,0.11,0.04
10-07-14,0.11,0.04
11-07-14,0.19,0.14
12-07-14,0.15,0.12
13-07-14,0.13,0.08
14-07-14,0.12,0.07
15-07-14,0.12,0.07
16-07-14,0.11,0.05
17-07-14,0.11,0.05
18-07-14,0.11,0.04
19-07-14,0.11,0.04
20-07-14,0.11,0.04
21-07-14,0.11,0.05
22-07-14,0.11,0.05
23-07-14,0.11,0.05
24-07-14,0.11,0.04
25-07-14,0.11,0.04
26-07-14,0.11,0.04
27-07-14,0.11,0.04
28-07-14,0.11,0.04
29-07-14,0.11,0.04
30-07-14,0.1,0.03
31-07-14,0.1,0.03
01-08-14,0.1,0.03
02-08-14,0.29,0.42
03-08-14,0.2,0.17
04-08-14,0.19,0.22
05-08-14,0.18,0.18
06-08-14,0.15,0.17
07-08-14,0.14,0.13
08-08-14,0.15,0.13
09-08-14,0.15,0.12
10-08-14,0.15,0.12
11-08-14,0.15,0.12
12-08-14,0.14,0.1
13-08-14,0.14,0.1
14-08-14,0.14,0.1
15-08-14,0.14,0.1
16-08-14,0.14,0.08
17-08-14,0.14,0.08
18-08-14,0.14,0.08
19-08-14,0.14,0.09
20-08-14,0.14,0.08
21-08-14,0.14,0.07
22-08-14,0.14,0.05
23-08-14,0.14,0.05
24-08-14,0.14,0.05
25-08-14,0.14,0.05
26-08-14,0.13,0.04
27-08-14,0.13,0.04
28-08-14,0.13,0.4
29-08-14,0.13,0.04
30-08-14,0.13,0.04
31-08-14,0.18,0.23
01-09-14,0.17,0.33
02-09-14,0.16,0.09
03-09-14,0.17,0.11
04-09-14,0.34,0.36
05-09-14,0.24,0.26
06-09-14,0.22,0.22
07-09-14,0.23,0.24
08-09-14,0.22,0.22
09-09-14,0.21,0.21
10-09-14,0.2,0.04
11-09-14,0.2,0.14
12-09-14,0.2,0.14
13-09-14,0.54,4.09
14-09-14,-,-
15-09-14,0.71,5.78
16-09-14,0.65,5.34
17-09-14,0.63,4.96
18-09-14,0.53,3.01
19-09-14,0.5,2.68
20-09-14,0.51,-
21-09-14,0.46,-
22-09-14,0.76,-
23-09-14,-,-
24-09-14,0.41,7.75
25-09-14,0.72,11.8
26-09-14,0.62,9.57
27-09-14,0.65,10.31
28-09-14,0.4,7.44
29-09-14,0.37,6.49
30-09-14,0.34,5.13
01-10-14,0.3,4.32
02-10-14,0.29,4.08
03-10-14,-,-
04-10-14,-,-
05-10-14,0.72,13.76
06-10-14,0.65,10.38
07-10-14,0.49,0.87
08-10-14,0.39,6.94
09-10-14,0.36,5.77
10-10-14,0.34,5.25
11-10-14,0.31,4.78
12-10-14,0.3,3.85
13-10-14,0.29,3.64
14-10-14,0.28,3.14
15-10-14,0.28,3.27
16-10-14,0.28,3.05
17-10-14,0.28,2.68
18-10-14,0.27,2.49
19-10-14,0.27,2.33
20-10-14,0.36,6.05
21-10-14,0.7,11.29
22-10-14,0.79,13.52
23-10-14,-,-
24-10-14,0.85,7.99
25-10-14,0.74,15.7
26-10-14,0.71,11.89
27-10-14,0.61,9.47
28-10-14,0.56,8.1
29-10-14,-,-
30-10-14,-,-
31-10-14,-,-
01-11-14,0.45,5.03
02-11-14,0.43,4.73
03-11-14,0.4,4.44
04-11-14,0.38,4.2
05-11-14,0.35,3.59
06-11-14,0.35,3.43
07-11-14,0.41,4.48
08-11-14,0.38,5.6
09-11-14,0.47,5.38
10-11-14,0.45,5.1
11-11-14,0.41,4.69
12-11-14,18.5,11
13-11-14,0.37,3.93
14-11-14,0.35,3.75
15-11-14,0.32,3.45
16-11-14,0.31,3.37
17-11-14,0.29,3.18
18-11-14,0.28,3.12
19-11-14,0.27,2.98
20-11-14,0.26,2.84
21-11-14,0.26,2.82
22-11-14,0.25,2.79
23-11-14,0.25,2.62
24-11-14,0.24,2.51
25-11-14,0.23,2.29
26-11-14,0.23,2.23
27-11-14,0.23,2.29
28-11-14,0.22,2.2
29-11-14,0.23,2.3
30-11-14,0.21,2.22
01-12-14,0.21,2.22
02-12-14,0.2,2
03-12-14,-,-
04-12-14,-,-
05-12-14,-,-
06-12-14,-,-
07-12-14,-,-
08-12-14,-,-
09-12-14,-,-
10-12-14,-,-
11-12-14,-,-
12-12-14,-,-
13-12-14,-,-
14-12-14,-,-
15-12-14,-,-
16-12-14,-,-
17-12-14,-,-
18-12-14,-,-
19-12-14,-,-
20-12-14,-,-
21-12-14,-,-
22-12-14,-,-
23-12-14,-,-
24-12-14,-,-
25-12-14,-,-
26-12-14,-,-
27-12-14,-,-
28-12-14,-,-
29-12-14,-,-
30-12-14,-,-
31-12-14,-,-
01-01-15,-,-
02-01-15,0.25,1.26
03-01-15,0.25,1.25
04-01-15,0.24,1.18
05-01-15,0.24,1.16
06-01-15,0.25,1.29
07-01-15,0.25,1.33
08-01-15,0.25,1.31
09-01-15,0.25,1.33
10-01-15,0.25,1.32
11-01-15,0.24,1.3
12-01-15,0.24,1.3
13-01-15,0.24,1.22
14-01-15,0.24,1.2
15-01-15,0.23,1.19
16-01-15,0.24,1.26
17-01-15,0.24,1.25
18-01-15,0.24,1.23
19-01-15,0.24,1.2
20-01-15,0.23,1.16
21-01-15,0.23,1.15
22-01-15,0.23,1.18
23-01-15,0.23,1.65
24-01-15,0.23,1.17
25-01-15,0.23,1.18
26-01-15,0.23,1.17
27-01-15,0.21,1.14
28-01-15,0.21,1.13
29-01-15,0.2,1.08
30-01-15,0.2,1.08
31-01-15,0.2,1.09
01-02-15,0.19,1.03
02-02-15,0.19,1.02
03-02-15,0.19,1.04
04-02-15,0.21,1.37
05-02-15,0.21,1.15
06-02-15,0.2,1.09
07-02-15,0.19,0.97
08-02-15,0.19,1.04
09-02-15,0.19,1.04
10-02-15,0.19,1.05
11-02-15,0.17,0.96
12-02-15,0.17,0.95
13-02-15,0.23,1.23
14-02-15,0.29,2.09
15-02-15,0.29,2.05
16-02-15,0.28,1.82
17-02-15,0.27,1.66
18-02-15,0.26,1.53
19-02-15,0.25,1.42
20-02-15,0.23,1.3
21-02-15,0.22,1.21
22-02-15,0.23,1.33
23-02-15,0.22,1.28
24-02-15,0.23,1.32
25-02-15,0.22,1.21
26-02-15,0.22,1.25
27-02-15,0.21,1.18
28-02-15,0.22,1.25
01-03-15,0.21,1.16
02-03-15,0.2,1.13
03-03-15,0.2,1.13
04-03-15,0.2,1.14
05-03-15,0.2,1.14
06-03-15,0.19,1.05
07-03-15,0.2,1.12
08-03-15,0.2,1.11
09-03-15,0.21,1.16
10-03-15,0.21,1.16
11-03-15,0.37,3.24
12-03-15,0.35,4.73
13-03-15,0.33,3.77
14-03-15,0.31,3.37
15-03-15,0.29,3.04
16-03-15,0.3,3.23
17-03-15,0.29,2.9
18-03-15,0.3,3.22
19-03-15,0.29,1.88
20-03-15,0.29,2.98
21-03-15,0.32,3.51
22-03-15,0.29,3.1
23-03-15,0.29,2.85
24-03-15,0.27,2.54
25-03-15,0.29,2.65
26-03-15,0.27,2.53
27-03-15,0.26,2.36
28-03-15,0.26,2.3
29-03-15,0.25,2.15
30-03-15,0.23,1.9
31-03-15,0.22,1.87
01-04-15,0.21,0.8
02-04-15,0.21,1.73
03-04-15,0.2,1.56
04-04-15,0.2,1.57
05-04-15,0.24,2.01
06-04-15,0.24,1.96
07-04-15,0.22,1.7
08-04-15,0.21,1.61
09-04-15,0.2,1.48
10-04-15,0.2,1.53
11-04-15,0.19,1.24
12-04-15,0.2,1.58
13-04-15,0.19,1.3
14-04-15,0.19,1.25
15-04-15,0.18,1.09
16-04-15,0.18,0.99
17-04-15,0.18,0.99
18-04-15,0.18,1
19-04-15,0.19,1.12
20-04-15,0.18,1.06
21-04-15,0.2,1.19
22-04-15,0.19,1.13
23-04-15,0.17,0.9
24-04-15,0.17,0.88
25-04-15,0.19,1.01
26-04-15,0.19,1.01
27-04-15,0.18,0.97
28-04-15,0.18,0.98
29-04-15,0.17,0.92
30-04-15,0.16,0.87
01-05-15,0.16,0.83
02-05-15,0.18,0.96
03-05-15,0.18,0.96
04-05-15,0.17,0.87
05-05-15,0.2,1.17
06-05-15,0.19,1.07
07-05-15,0.18,0.93
08-05-15,0.17,0.83
09-05-15,0.19,1.01
10-05-15,0.19,1.05
11-05-15,0.17,0.87
12-05-15,0.18,2.74
13-05-15,0.26,1.78
14-05-15,0.24,1.32
15-05-15,0.25,1.38
16-05-15,0.24,1.26
17-05-15,0.23,1.18
18-05-15,0.33,2.61
19-05-15,0.31,2.09
20-05-15,0.25,1.61
21-05-15,0.26,1.68
22-05-15,0.25,1.6
23-05-15,0.24,1.51
24-05-15,0.27,1.74
25-05-15,0.26,1.71
26-05-15,0.23,1.17
27-05-15,0.23,1.19
28-05-15,0.22,1.13
29-05-15,0.21,1.06
30-05-15,0.21,1.01
31-05-15,0.45,3.62
01-06-15,0.28,1.86
02-06-15,0.23,1.13
03-06-15,0.23,1.16
04-06-15,0.24,1.27
05-06-15,0.24,1.24
06-06-15,0.19,1
07-06-15,0.18,0.9
08-06-15,0.18,0.88
09-06-15,0.19,0.93
10-06-15,0.19,0.88
11-06-15,0.18,0.8
12-06-15,0.17,0.69
13-06-15,0.17,0.66
14-06-15,0.17,0.65
15-06-15,0.18,0.76
16-06-15,0.18,0.79
17-06-15,0.18,0.77
18-06-15,0.45,3.1
19-06-15,0.41,2.54
20-06-15,0.44,2.97
21-06-15,0.43,3.69
22-06-15,0.42,2.64
23-06-15,0.5,3.93
24-06-15,0.44,2.94
25-06-15,0.41,2.57
26-06-15,0.4,2.46
27-06-15,0.36,2.04
28-06-15,0.32,1.63
29-06-15,0.3,1.43
30-06-15,0.3,1.46
01-07-15,0.3,1.45
02-07-15,0.23,1.18
03-07-15,0.21,1.04
04-07-15,0.2,0.91
05-07-15,0.2,0.98
06-07-15,0.2,0.97
07-07-15,0.19,0.79
08-07-15,0.18,0.72
09-07-15,0.18,0.69
10-07-15,0.18,0.71
11-07-15,0.17,0.6
12-07-15,0.16,0.5
13-07-15,0.17,0.55
14-07-15,0.17,0.54
15-07-15,0.18,0.64
16-07-15,0.18,0.63
17-07-15,0.17,0.6
18-07-15,0.17,0.6
19-07-15,0.17,0.58
20-07-15,0.17,0.56
21-07-15,0.17,0.58
22-07-15,0.16,0.51
23-07-15,0.16,0.52
24-07-15,0.16,0.47
25-07-15,0.16,0.46
26-07-15,0.16,0.45
27-07-15,0.16,0.46
28-07-15,0.16,0.44
29-07-15,0.15,0.36
30-07-15,0.16,0.41
31-07-15,0.15,0.35
01-08-15,0.15,0.36
02-08-15,0.15,0.37
03-08-15,0.15,0.35
04-08-15,0.15,0.35
05-08-15,0.14,0.31
06-08-15,0.14,0.31
07-08-15,0.13,0.26
08-08-15,0.13,0.23
09-08-15,0.14,0.3
10-08-15,0.14,0.3
11-08-15,0.14,0.3
12-08-15,0.13,0.24
13-08-15,0.13,0.23
14-08-15,0.13,0.25
15-08-15,0.13,0.22
16-08-15,0.16,0.47
17-08-15,0.13,0.26
18-08-15,0.13,0.25
19-08-15,0.13,0.23
20-08-15,0.14,0.31
21-08-15,0.16,0.45
22-08-15,0.16,0.42
23-08-15,0.14,0.28
24-08-15,0.14,0.3
25-08-15,0.13,0.24
26-08-15,0.13,0.26
27-08-15,0.11,0.19
28-08-15,0.11,0.18
29-08-15,0.11,0.19
30-08-15,0.11,0.2
31-08-15,0.11,0.19
01-09-15,0.11,0.19
02-09-15,0.14,0.27
03-09-15,0.14,0.25
04-09-15,0.11,0.19
05-09-15,0.11,0.2
06-09-15,0.13,0.23
07-09-15,0.13,0.21
08-09-15,0.13,0.2
09-09-15,0.12,0.18
10-09-15,0.12,0.15
11-09-15,0.12,0.15
12-09-15,0.48,5.21
13-09-15,0.33,0.61
14-09-15,0.29,0.44
15-09-15,0.29,0.51
16-09-15,0.32,0.77
17-09-15,0.29,0.46
18-09-15,0.29,0.54
19-09-15,0.26,0.34
20-09-15,0.4,3.86
21-09-15,0.34,0.79
22-09-15,0.34,0.82
23-09-15,0.38,2.07
24-09-15,0.34,0.81
25-09-15,0.33,0.61
26-09-15,0.32,0.57
27-09-15,0.34,0.75
28-09-15,0.34,0.76
29-09-15,0.33,0.7
30-09-15,0.32,0.64
01-10-15,0.32,0.64
02-10-15,0.32,0.63
03-10-15,0.32,0.61
04-10-15,0.28,0.47
05-10-15,0.28,0.46
06-10-15,0.29,0.56
07-10-15,0.31,0.61
08-10-15,0.33,0.68
09-10-15,0.33,0.67
10-10-15,0.31,0.6
11-10-15,0.31,0.58
12-10-15,0.3,0.54
13-10-15,0.31,0.56
14-10-15,0.3,0.49
15-10-15,0.27,0.36
16-10-15,0.27,0.37
17-10-15,0.35,1.34
18-10-15,0.32,0.66
19-10-15,0.32,0.66
20-10-15,0.31,0.6
21-10-15,0.31,0.58
22-10-15,0.31,0.53
23-10-15,0.29,0.52
24-10-15,0.29,0.54
25-10-15,0.36,1.4
26-10-15,0.34,0.78
27-10-15,0.33,0.74
28-10-15,0.32,0.66
29-10-15,0.32,0.66
30-10-15,0.31,0.6
31-10-15,0.31,0.61
01-11-15,0.3,0.57
02-11-15,0.3,0.56
03-11-15,0.29,0.55
04-11-15,0.28,0.51
05-11-15,0.28,0.5
06-11-15,0.28,0.53
07-11-15,0.28,0.52
08-11-15,0.29,0.57
09-11-15,0.3,0.58
10-11-15,0.3,0.57
11-11-15,0.3,0.59
12-11-15,0.27,0.49
13-11-15,0.27,0.5
14-11-15,0.27,0.49
15-11-15,0.28,0.5
16-11-15,0.3,0.57
17-11-15,0.3,0.57
18-11-15,0.27,0.47
19-11-15,0.27,0.48
20-11-15,0.28,0.5
21-11-15,0.28,0.54
22-11-15,0.28,0.53
23-11-15,0.28,0.51
24-11-15,0.28,0.54
25-11-15,0.28,0.51
26-11-15,0.26,0.44
27-11-15,0.28,0.51
28-11-15,0.28,0.51
29-11-15,0.28,0.5
30-11-15,0.28,0.51
01-12-15,0.28,0.45
02-12-15,0.28,0.45
03-12-15,-,-
04-12-15,-,-
05-12-15,-,-
06-12-15,-,-
07-12-15,-,-
08-12-15,-,-
09-12-15,-,-
10-12-15,-,-
11-12-15,-,-
12-12-15,-,-
13-12-15,-,-
14-12-15,-,-
15-12-15,-,-
16-12-15,-,-
17-12-15,-,-
18-12-15,-,-
19-12-15,-,-
20-12-15,-,-
21-12-15,-,-
22-12-15,-,-
23-12-15,-,-
24-12-15,-,-
25-12-15,-,-
26-12-15,-,-
27-12-15,-,-
28-12-15,-,-
29-12-15,-,-
30-12-15,-,-
31-12-15,-,-
01-01-16,-,-
02-01-16,0.23,0.24
03-01-16,0.23,0.23
04-01-16,0.23,0.25
05-01-16,0.23,0.27
06-01-16,0.23,0.26
07-01-16,0.22,0.23
08-01-16,0.22,0.22
09-01-16,0.21,0.21
10-01-16,0.21,0.21
11-01-16,0.22,0.23
12-01-16,0.22,0.22
13-01-16,0.22,0.22
14-01-16,0.23,0.24
15-01-16,0.22,0.23
16-01-16,0.22,0.27
17-01-16,0.2,0.13
18-01-16,0.2,0.13
19-01-16,0.2,0.13
20-01-16,0.2,0.13
21-01-16,0.22,0.23
22-01-16,0.22,0.22
23-01-16,0.22,0.21
24-01-16,0.23,0.23
25-01-16,0.22,0.23
26-01-16,0.22,0.22
27-01-16,0.22,0.24
28-01-16,0.23,0.25
29-01-16,0.22,0.22
30-01-16,0.22,0.23
31-01-16,0.22,0.23
01-02-16,0.22,0.23
02-02-16,0.22,0.23
03-02-16,0.21,0.18
04-02-16,0.21,0.19
05-02-16,0.21,0.2
06-02-16,0.2,0.14
07-02-16,0.21,0.2
08-02-16,0.21,0.2
09-02-16,0.21,0.2
10-02-16,0.2,0.15
11-02-16,0.21,0.19
12-02-16,0.21,0.2
13-02-16,0.2,0.17
14-02-16,0.2,0.18
15-02-16,0.2,0.17
16-02-16,0.2,0.17
17-02-16,0.2,0.17
18-02-16,0.2,0.17
19-02-16,0.2,0.17
20-02-16,0.2,0.18
21-02-16,0.19,0.13
22-02-16,0.19,0.13
23-02-16,0.19,0.13
24-02-16,0.2,0.16
25-02-16,0.19,0.12
26-02-16,0.19,0.12
27-02-16,0.19,0.12
28-02-16,0.18,0.1
29-02-16,0.18,0.1
01-03-16,0.18,0.09
02-03-16,0.19,0.11
03-03-16,0.18,0.1
04-03-16,0.18,0.08
05-03-16,0.17,0.07
06-03-16,0.17,0.07
07-03-16,0.17,0.07
08-03-16,0.17,0.06
09-03-16,0.17,0.05
10-03-16,0.17,0.05
11-03-16,0.19,0.13
12-03-16,0.2,0.15
13-03-16,0.2,0.15
14-03-16,0.2,0.13
15-03-16,0.2,0.12
16-03-16,0.2,0.13
17-03-16,0.19,0.11
18-03-16,0.19,0.12
19-03-16,0.19,0.12
20-03-16,0.19,0.1
21-03-16,0.19,0.11
22-03-16,0.19,0.1
23-03-16,0.18,0.08
24-03-16,0.02,0.1
25-03-16,0.18,0.09
26-03-16,0.19,0.09
27-03-16,0.19,0.98
28-03-16,0.18,0.05
29-03-16,0.19,0.1
30-03-16,0.18,0.08
31-03-16,0.18,0.07
01-04-16,0.18,0.08
02-04-16,0.17,0.07
03-04-16,0.17,0.07
04-04-16,0.17,0.06
05-04-16,0.17,0.06
06-04-16,0.17,0.06
07-04-16,0.17,0.06
08-04-16,0.17,0.06
09-04-16,0.17,0.06
10-04-16,0.16,0.03
11-04-16,0.16,0.03
12-04-16,0.16,0.04
13-04-16,0.17,0.06
14-04-16,0.17,0.06
15-04-16,0.17,0.06
16-04-16,0.17,0.06
17-04-16,0.18,0.07
18-04-16,0.17,0.08
19-04-16,0.17,0.07
20-04-16,0.16,0.04
21-04-16,0.16,0.05
22-04-16,0.16,0.05
23-04-16,0.25,0.36
24-04-16,0.22,0.22
25-04-16,0.21,0.18
26-04-16,0.19,0.11
27-04-16,0.18,0.08
28-04-16,0.18,0.09
29-04-16,0.17,0.07
30-04-16,0.17,0.07
01-05-16,0.15,0.03
02-05-16,0.15,0.03
03-05-16,0.15,0.03
04-05-16,0.2,0.11
05-05-16,0.17,0.08
06-05-16,0.17,0.06
07-05-16,0.17,0.05
08-05-16,0.16,0.05
09-05-16,-,-
10-05-16,0.19,0.1
11-05-16,0.18,0.09
12-05-16,0.18,0.09
13-05-16,0.29,0.68
14-05-16,0.24,0.22
15-05-16,0.23,0.18
16-05-16,0.28,0.67
17-05-16,0.25,0.28
18-05-16,0.31,0.92
19-05-16,0.24,0.25
20-05-16,0.23,0.18
21-05-16,0.23,0.19
22-05-16,0.22,0.15
23-05-16,0.21,0.13
24-05-16,0.2,0.12
25-05-16,0.2,0.12
26-05-16,0.21,0.13
27-05-16,0.2,0.1
28-05-16,0.22,0.14
29-05-16,0.2,0.11
30-05-16,0.2,0.1
31-05-16,0.21,0.11
01-06-16,0.21,0.11
02-06-16,0.23,0.15
03-06-16,0.29,0.42
04-06-16,0.22,0.14
05-06-16,0.3,0.43
06-06-16,0.24,0.23
07-06-16,0.23,0.22
08-06-16,0.21,0.14
09-06-16,0.2,0.11
10-06-16,0.2,0.12
11-06-16,0.21,0.11
12-06-16,0.19,0.1
13-06-16,0.19,0.1
14-06-16,0.19,0.1
15-06-16,0.19,0.1
16-06-16,0.18,0.09
17-06-16,0.18,0.08
18-06-16,0.17,0.08
19-06-16,0.17,0.08
20-06-16,0.17,0.07
21-06-16,0.19,0.1
22-06-16,0.19,0.1
23-06-16,0.17,0.07
24-06-16,0.17,0.07
25-06-16,0.17,0.07
26-06-16,0.17,0.07
27-06-16,0.16,0.07
28-06-16,0.16,0.06
29-06-16,0.16,0.05
30-06-16,0.16,0.07
01-07-16,0.2,0.11
02-07-16,0.18,0.08
03-07-16,0.18,0.08
04-07-16,0.18,0.08
05-07-16,0.18,0.08
06-07-16,0.17,0.07
07-07-16,0.17,0.06
08-07-16,0.16,0.06
09-07-16,0.16,0.05
10-07-16,0.16,0.06
11-07-16,0.16,0.05
12-07-16,0.16,0.06
13-07-16,0.16,0.05
14-07-16,0.15,0.04
15-07-16,0.15,0.03
16-07-16,0.15,0.03
17-07-16,0.15,0.04
18-07-16,0.15,0.04
19-07-16,0.15,0.3
20-07-16,0.15,0.04
21-07-16,0.15,0.03
22-07-16,0.16,0.05
23-07-16,0.16,0.05
24-07-16,0.15,0.04
25-07-16,0.15,0.03
26-07-16,0.15,0.03
27-07-16,0.15,0.03
28-07-16,0.15,0.03
29-07-16,0.23,0.15
30-07-16,0.16,0.06
31-07-16,0.16,0.06
01-08-16,0.16,0.06
02-08-16,0.16,0.06
03-08-16,0.16,0.05
04-08-16,0.16,0.05
05-08-16,0.15,0.04
06-08-16,0.15,0.04
07-08-16,0.15,0.04
08-08-16,0.15,0.03
09-08-16,0.14,0.03
10-08-16,0.14,0.03
11-08-16,0.14,0.03
12-08-16,0.14,0.02
13-08-16,0.14,0.03
14-08-16,0.24,0.27
15-08-16,0.2,0.14
16-08-16,0.25,0.28
17-08-16,0.22,0.19
18-08-16,0.21,0.12
19-08-16,0.2,0.11
20-08-16,0.19,0.09
21-08-16,0.22,0.14
22-08-16,0.4,1.62
23-08-16,0.3,0.32
24-08-16,0.26,0.22
25-08-16,0.26,0.22
26-08-16,0.24,0.2
27-08-16,0.23,0.16
28-08-16,0.26,0.23
29-08-16,0.32,0.36
30-08-16,0.35,0.47
31-08-16,0.8,7.21
01-09-16,0.7,6.24
02-09-16,0.5,2.4
03-09-16,0.4,1.85
04-09-16,0.4,1.86
05-09-16,0.35,1.35
06-09-16,0.33,1.24
07-09-16,0.31,1.02
08-09-16,0.28,0.88
09-09-16,0.28,0.82
10-09-16,0.26,0.74
11-09-16,0.25,0.67
12-09-16,0.24,0.54
13-09-16,0.24,0.59
14-09-16,0.42,1.94
15-09-16,0.32,1.11
16-09-16,0.8,7.39
17-09-16,0.52,2.99
18-09-16,0.46,2.17
19-09-16,0.4,1.71
20-09-16,0.35,1.31
21-09-16,0.33,1.27
22-09-16,0.31,0.99
23-09-16,0.3,0.94
24-09-16,0.29,0.85
25-09-16,0.28,0.81
26-09-16,0.51,2.9
27-09-16,0.54,3.68
28-09-16,0.55,3.74
29-09-16,0.52,2.65
30-09-16,0.5,2.36
01-10-16,0.46,1.98
02-10-16,0.44,1.68
03-10-16,0.42,1.56
04-10-16,0.4,1.45
05-10-16,0.39,1.37
06-10-16,0.38,1.28
07-10-16,0.37,1.23
08-10-16,1.2,12.63
09-10-16,0.51,3.9
10-10-16,0.47,2.84
11-10-16,0.45,2.48
12-10-16,0.43,2.1
13-10-16,0.41,1.84
14-10-16,0.4,1.68
15-10-16,0.39,1.5
16-10-16,0.39,1.5
17-10-16,0.39,1.5
18-10-16,0.33,1.22
19-10-16,0.32,1.14
20-10-16,0.32,1.17
21-10-16,0.61,5.56
22-10-16,0.5,2.42
23-10-16,0.48,1.83
24-10-16,0.47,1.82
25-10-16,0.46,1.62
26-10-16,0.45,0.57
27-10-16,0.45,1.54
28-10-16,0.44,1.47
29-10-16,0.43,1.27
30-10-16,0.43,1.27
31-10-16,0.43,1.26
01-11-16,0.43,1.24
02-11-16,0.41,1.11
03-11-16,0.41,1.14
04-11-16,0.46,2.69
05-11-16,0.7,7.07
06-11-16,0.63,4.6
07-11-16,0.6,3.76
08-11-16,0.58,3.48
09-11-16,0.57,3.26
10-11-16,0.51,2.89
11-11-16,0.5,2.84
12-11-16,0.49,2.7
13-11-16,0.49,2.73
14-11-16,0.5,2.81
15-11-16,0.49,2.68
16-11-16,0.49,2.76
17-11-16,0.47,2.3
18-11-16,0.46,2.24
19-11-16,0.44,1.87
20-11-16,0.45,1.92
21-11-16,0.43,1.67
22-11-16,0.44,1.79
23-11-16,0.44,1.77
24-11-16,0.42,1.57
25-11-16,0.4,1.49
26-11-16,0.4,1.5
27-11-16,0.41,1.54
28-11-16,0.4,1.49
29-11-16,0.39,1.34
30-11-16,0.38,1.31
01-12-16,0.38,1.31
02-12-16,0.36,1.27
03-12-16,0.36,1.29
04-12-16,0.36,1.29
05-12-16,-,-
06-12-16,-,-
07-12-16,-,-
08-12-16,-,-
09-12-16,-,-
10-12-16,-,-
11-12-16,-,-
12-12-16,-,-
13-12-16,-,-
14-12-16,-,-
15-12-16,-,-
16-12-16,-,-
17-12-16,-,-
18-12-16,-,-
19-12-16,-,-
20-12-16,-,-
21-12-16,-,-
22-12-16,-,-
23-12-16,-,-
24-12-16,-,-
25-12-16,-,-
26-12-16,-,-
27-12-16,-,-
28-12-16,-,-
29-12-16,-,-
30-12-16,-,-
31-12-16,-,-
01-01-17,-,-
02-01-17,0.3,0.78
03-01-17,0.3,0.78
04-01-17,0.29,0.7
05-01-17,0.29,0.69
06-01-17,0.29,0.71
07-01-17,0.29,0.69
08-01-17,0.29,0.69
09-01-17,0.29,0.69
10-01-17,0.29,0.67
11-01-17,0.28,0.64
12-01-17,0.28,0.62
13-01-17,0.28,0.62
14-01-17,0.27,0.6
15-01-17,0.27,0.61
16-01-17,0.28,0.61
17-01-17,0.27,0.6
18-01-17,0.27,0.59
19-01-17,0.27,0.6
20-01-17,0.27,0.5
21-01-17,0.27,0.59
22-01-17,0.27,0.57
23-01-17,0.26,0.52
24-01-17,0.26,0.53
25-01-17,0.26,0.52
26-01-17,0.26,0.53
27-01-17,0.25,0.5
28-01-17,0.25,0.51
29-01-17,0.27,0.55
30-01-17,0.25,0.49
31-01-17,0.25,0.5
01-02-17,0.27,0.49
02-02-17,0.25,0.48
03-02-17,0.23,0.42
04-02-17,0.23,0.43
05-02-17,0.24,0.46
06-02-17,0.24,0.46
07-02-17,0.23,0.42
08-02-17,0.23,0.43
09-02-17,0.22,0.39
10-02-17,0.22,0.38
11-02-17,0.21,0.37
12-02-17,0.22,0.37
13-02-17,0.21,0.37
14-02-17,0.21,0.38
15-02-17,0.22,0.39
16-02-17,0.21,0.36
17-02-17,0.21,0.34
18-02-17,0.2,0.3
19-02-17,0.2,0.31
20-02-17,0.2,0.33
21-02-17,0.2,0.32
22-02-17,0.2,0.32
23-02-17,0.2,0.3
24-02-17,0.2,0.3
25-02-17,-,-
26-02-17,0.19,0.28
27-02-17,0.19,0.28
28-02-17,0.19,0.26
01-03-17,0.19,0.26
02-03-17,0.19,0.26
03-03-17,0.19,0.26
04-03-17,0.19,0.26
05-03-17,0.19,0.26
06-03-17,0.21,0.33
07-03-17,0.21,0.35
08-03-17,1.05,18.17
09-03-17,0.4,0.95
10-03-17,0.35,0.47
11-03-17,0.34,0.4
12-03-17,0.34,0.36
13-03-17,0.4,0.8
14-03-17,0.33,0.38
15-03-17,0.33,0.39
16-03-17,0.33,0.39
17-03-17,0.32,0.36
18-03-17,0.32,0.35
19-03-17,0.32,0.34
20-03-17,0.32,0.34
21-03-17,0.31,0.3
22-03-17,0.31,0.31
23-03-17,0.3,0.28
24-03-17,0.3,0.28
25-03-17,0.3,0.27
26-03-17,0.3,0.27
27-03-17,0.29,0.25
28-03-17,0.29,0.25
29-03-17,0.28,0.23
30-03-17,0.28,0.23
31-03-17,0.28,0.22
01-04-17,0.28,0.21
02-04-17,0.27,0.18
03-04-17,0.27,0.19
04-04-17,0.28,0.2
05-04-17,0.18,0.2
06-04-17,0.26,0.15
07-04-17,0.27,0.15
08-04-17,0.26,0.16
09-04-17,0.26,0.16
10-04-17,0.26,0.16
11-04-17,0.26,0.16
12-04-17,0.56,3.37
13-04-17,-,-
14-04-17,-,-
15-04-17,0.32,0.26
16-04-17,-,-
17-04-17,0.27,0.21
18-04-17,0.27,0.21
19-04-17,0.27,0.21
20-04-17,0.26,0.18
21-04-17,0.26,0.18
22-04-17,0.26,0.19
23-04-17,0.26,0.17
24-04-17,0.26,0.18
25-04-17,0.26,0.17
26-04-17,-,-
27-04-17,0.25,0.15
28-04-17,0.25,0.13
29-04-17,0.25,0.13
30-04-17,0.24,0.11
01-05-17,0.24,0.12
02-05-17,0.24,0.11
03-05-17,0.25,0.14
04-05-17,0.54,3.21
05-05-17,0.32,0.26
06-05-17,0.31,0.24
07-05-17,0.25,0.15
08-05-17,0.25,0.15
09-05-17,0.25,0.14
10-05-17,-,-
11-05-17,0.25,0.15
12-05-17,0.25,0.14
13-05-17,0.24,0.12
14-05-17,0.24,0.12
15-05-17,0.24,0.11
16-05-17,0.24,0.11
17-05-17,0.23,0.11
18-05-17,0.24,0.12
19-05-17,0.24,0.11
20-05-17,0.23,0.11
21-05-17,0.23,0.11
22-05-17,0.45,1.31
23-05-17,0.32,0.24
24-05-17,0.43,1.14
25-05-17,0.32,0.22
26-05-17,0.3,0.19
27-05-17,0.29,0.17
28-05-17,0.29,0.16
29-05-17,0.63,3.99
30-05-17,0.31,0.21
31-05-17,0.31,0.21
01-06-17,0.3,0.2
02-06-17,0.29,0.17
03-06-17,0.35,0.43
04-06-17,0.32,0.23
05-06-17,0.31,0.21
06-06-17,0.3,0.2
07-06-17,0.29,0.16
08-06-17,0.29,0.16
09-06-17,0.27,0.11
10-06-17,0.27,0.11
11-06-17,0.26,0.09
12-06-17,0.26,0.09
13-06-17,-,-
14-06-17,0.26,0.1
15-06-17,0.26,0.1
16-06-17,0.26,0.08
17-06-17,0.26,0.08
18-06-17,0.25,0.05
19-06-17,0.25,0.05
20-06-17,0.25,0.05
21-06-17,0.25,0.04
22-06-17,0.25,0.06
23-06-17,0.25,0.05
24-06-17,-,-
25-06-17,-,-
26-06-17,0.45,1.2
27-06-17,0.45,1.36
28-06-17,0.35,0.42
29-06-17,0.31,0.16
30-06-17,0.24,0.13
01-07-17,0.27,0.09
02-07-17,0.27,0.07
03-07-17,0.27,0.07
04-07-17,0.25,0.06
05-07-17,0.25,0.05
06-07-17,0.24,0.04
07-07-17,0.24,0.04
08-07-17,0.25,0.05
09-07-17,0.25,0.05
10-07-17,0.25,0.05
11-07-17,0.25,0.04
12-07-17,0.25,0.04
13-07-17,0.27,0.09
14-07-17,0.26,0.07
15-07-17,0.26,0.06
16-07-17,0.26,0.06
17-07-17,0.24,0.04
18-07-17,0.24,0.04
19-07-17,0.24,0.04
20-07-17,0.24,0.04
21-07-17,0.22,0.03
22-07-17,0.22,0.03
23-07-17,0.2,0.01
24-07-17,0.2,0.01
25-07-17,0.2,0.01
26-07-17,0.2,0.01
27-07-17,0.2,0.01
28-07-17,0.2,0.01
29-07-17,0.2,0.01
30-07-17,0.2,0.01
31-07-17,0.19,0.01
01-08-17,0.19,0.01
02-08-17,0.19,0.01
03-08-17,0.19,0.01
04-08-17,0.19,0.01
05-08-17,0.19,0.01
06-08-17,0.19,0.01
07-08-17,0.18,0.01
08-08-17,0.19,0.01
09-08-17,0.19,0.01
10-08-17,0.19,0.01
11-08-17,0.19,0.01
12-08-17,0.19,0.01
13-08-17,0.19,0.01
14-08-17,0.19,0.01
15-08-17,0.19,0.01
16-08-17,0.19,0.01
17-08-17,0.19,0.01
18-08-17,0.19,0.01
19-08-17,0.19,0.01
20-08-17,0.19,0.01
21-08-17,0.19,0.01
22-08-17,0.19,0.01
23-08-17,0.19,0.01
24-08-17,0.19,0.01
25-08-17,0.19,0.01
26-08-17,0.19,0.01
27-08-17,0.19,0.01
28-08-17,0.19,0.01
29-08-17,0.19,0.01
30-08-17,0.19,0.01
31-08-17,0.18,0.01
01-09-17,0.18,0.01
02-09-17,0.18,0.01
03-09-17,0.18,0.01
04-09-17,0.18,0.01
05-09-17,0.18,0.01
06-09-17,0.18,0.01
07-09-17,0.34,0.15
08-09-17,0.28,0.08
09-09-17,0.26,0.06
10-09-17,0.24,0.03
11-09-17,0.24,0.01
12-09-17,0.19,0.01
13-09-17,0.19,0.01
14-09-17,0.19,0.01
15-09-17,0.19,0.01
16-09-17,-,-
17-09-17,0.19,0.01
18-09-17,0.19,0.01
19-09-17,0.19,0.01
20-09-17,0.19,0.01
21-09-17,0.19,0.01
22-09-17,0.19,0.01
23-09-17,0.19,0.01
24-09-17,-,-
25-09-17,0.19,0.01
26-09-17,0.19,0.01
27-09-17,0.32,0.14
28-09-17,-,-
29-09-17,1.6,17.78
30-09-17,0.72,9.13
01-10-17,0.58,5.03
02-10-17,0.54,3.2
03-10-17,0.5,2.18
04-10-17,0.53,2.95
05-10-17,0.62,5.61
06-10-17,-,-
07-10-17,0.67,7.83
08-10-17,0.58,4.97
09-10-17,0.55,3.85
10-10-17,0.52,3
11-10-17,0.56,4.15
12-10-17,0.53,3.14
13-10-17,0.51,2.85
14-10-17,0.5,2.37
15-10-17,0.48,2.18
16-10-17,0.54,3.27
17-10-17,0.49,2.13
18-10-17,0.47,1.97
19-10-17,0.46,1.59
20-10-17,0.46,1.62
21-10-17,0.46,1.59
22-10-17,0.45,1.49
23-10-17,0.44,1.42
24-10-17,0.43,1.33
25-10-17,0.42,1.28
26-10-17,0.41,1.21
27-10-17,0.4,1.12
28-10-17,0.39,1.05
29-10-17,0.4,1.15
30-10-17,0.39,1.04
31-10-17,0.39,1.09
01-11-17,0.39,1.04
02-11-17,0.37,0.99
03-11-17,0.36,0.94
04-11-17,0.35,0.87
05-11-17,0.35,0.87
06-11-17,0.34,0.85
07-11-17,0.37,0.84
08-11-17,0.33,0.8
09-11-17,0.32,0.76
10-11-17,0.32,0.75
11-11-17,0.33,0.79
12-11-17,0.32,0.76
13-11-17,0.31,0.74
14-11-17,0.03,0.73
15-11-17,0.31,0.73
16-11-17,0.32,0.77
17-11-17,0.32,0.79
18-11-17,0.32,0.67
19-11-17,-,-
20-11-17,0.32,0.77
21-11-17,0.3,0.7
22-11-17,0.3,0.7
23-11-17,0.29,0.65
24-11-17,0.28,0.63
25-11-17,0.28,0.64
26-11-17,0.28,0.63
27-11-17,0.28,0.63
28-11-17,0.28,0.64
29-11-17,0.27,0.62
30-11-17,0.28,0.62
01-12-17,0.27,0.59
02-12-17,0.27,0.61
03-12-17,0.27,0.58
04-12-17,-,-
05-12-17,-,-
06-12-17,-,-
07-12-17,-,-
08-12-17,-,-
09-12-17,-,-
10-12-17,-,-
11-12-17,-,-
12-12-17,-,-
13-12-17,-,-
14-12-17,-,-
15-12-17,-,-
16-12-17,-,-
17-12-17,-,-
18-12-17,-,-
19-12-17,-,-
20-12-17,-,-
21-12-17,-,-
22-12-17,-,-
23-12-17,-,-
24-12-17,-,-
25-12-17,-,-
26-12-17,-,-
27-12-17,-,-
28-12-17,-,-
29-12-17,-,-
30-12-17,-,-
31-12-17,-,-
01-01-18,-,-
02-01-18,-,-
03-01-18,0.25,0.49
04-01-18,0.24,0.44
05-01-18,0.24,0.46
06-01-18,0.23,0.43
07-01-18,0.23,0.44
08-01-18,0.23,0.44
09-01-18,0.22,0.4
10-01-18,0.23,0.42
11-01-18,0.23,0.43
12-01-18,0.22,0.41
13-01-18,0.22,0.41
14-01-18,0.21,0.36
15-01-18,0.21,0.37
16-01-18,0.21,0.36
17-01-18,0.21,0.36
18-01-18,0.21,0.34
19-01-18,0.21,0.36
20-01-18,0.21,0.34
21-01-18,0.21,0.35
22-01-18,0.21,0.35
23-01-18,0.21,0.34
24-01-18,0.21,0.34
25-01-18,0.2,0.32
26-01-18,0.2,0.33
27-01-18,0.2,0.34
28-01-18,0.2,0.33
29-01-18,0.2,0.32
30-01-18,0.21,0.37
31-01-18,0.21,0.36
01-02-18,0.2,0.32
02-02-18,0.21,0.33
03-02-18,0.2,0.3
04-02-18,0.2,0.3
05-02-18,0.2,0.3
06-02-18,0.19,0.29
07-02-18,0.19,0.28
08-02-18,0.2,0.3
09-02-18,0.23,0.43
10-02-18,0.21,0.36
11-02-18,0.2,0.3
12-02-18,0.21,0.32
13-02-18,0.19,0.28
14-02-18,0.19,0.28
15-02-18,0.19,0.29
16-02-18,0.2,0.29
17-02-18,0.2,0.26
18-02-18,0.2,0.25
19-02-18,0.2,0.27
20-02-18,0.2,0.28
21-02-18,0.2,0.27
22-02-18,0.2,0.28
23-02-18,0.2,0.26
24-02-18,-,-
25-02-18,0.2,0.25
26-02-18,0.2,0.26
27-02-18,0.22,0.42
28-02-18,0.21,0.31
01-03-18,0.21,0.3
02-03-18,0.2,0.28
03-03-18,0.2,0.24
04-03-18,0.2,0.24
05-03-18,0.2,0.23
06-03-18,0.2,0.23
07-03-18,0.2,0.23
08-03-18,0.2,0.22
09-03-18,0.2,0.22
10-03-18,0.2,0.21
11-03-18,0.2,0.21
12-03-18,0.19,0.17
13-03-18,0.19,0.19
14-03-18,0.19,0.18
15-03-18,-,-
16-03-18,0.19,0.2
17-03-18,0.19,0.19
18-03-18,0.19,0.16
19-03-18,0.19,0.15
20-03-18,0.19,0.15
21-03-18,0.19,0.15
22-03-18,0.19,0.14
23-03-18,0.19,0.14
24-03-18,0.19,0.15
25-03-18,0.19,0.13
26-03-18,0.19,0.13
27-03-18,0.19,0.13
28-03-18,0.19,0.13
29-03-18,0.19,0.13
30-03-18,0.18,0.12
31-03-18,0.18,0.11
01-04-18,0.18,0.11
02-04-18,0.18,0.1
03-04-18,0.18,0.1
04-04-18,0.18,0.1
05-04-18,0.19,0.13
06-04-18,0.19,0.12
07-04-18,0.18,0.1
08-04-18,0.18,0.1
09-04-18,0.18,0.09
10-04-18,0.18,0.1
11-04-18,0.18,0.11
12-04-18,0.18,0.1
13-04-18,0.18,0.1
14-04-18,0.18,0.1
15-04-18,0.17,0.09
16-04-18,0.17,0.08
17-04-18,0.17,0.06
18-04-18,0.17,0.06
19-04-18,0.17,0.06
20-04-18,0.37,0.43
21-04-18,0.34,0.29
22-04-18,0.19,0.13
23-04-18,0.19,0.12
24-04-18,0.19,0.12
25-04-18,0.19,0.13
26-04-18,0.19,0.12
27-04-18,0.19,0.13
28-04-18,0.19,0.14
29-04-18,0.33,0.33
30-04-18,0.28,0.29
01-05-18,0.28,0.25
02-05-18,0.27,0.22
03-05-18,0.2,0.16
04-05-18,0.19,0.12
05-05-18,0.19,0.12
06-05-18,0.28,0.25
07-05-18,0.28,0.27
08-05-18,0.27,0.22
09-05-18,0.2,0.15
10-05-18,0.19,0.14
11-05-18,0.19,0.14
12-05-18,0.19,0.13
13-05-18,0.19,0.13
14-05-18,0.19,0.13
15-05-18,0.19,0.14
16-05-18,0.19,0.13
17-05-18,0.18,0.1
18-05-18,0.18,0.1
19-05-18,0.18,0.1
20-05-18,0.18,0.09
21-05-18,0.6,1.66
22-05-18,0.26,0.2
23-05-18,0.21,0.17
24-05-18,0.18,0.12
25-05-18,0.18,0.1
26-05-18,0.18,0.98
27-05-18,0.18,0.09
28-05-18,0.12,0.09
29-05-18,0.17,0.09
30-05-18,0.17,0.08
31-05-18,0.17,0.08
01-06-18,0.17,0.08
02-06-18,0.17,0.08
03-06-18,0.17,0.08
04-06-18,0.16,0.05
05-06-18,0.16,0.06
06-06-18,0.16,0.05
07-06-18,0.16,0.05
08-06-18,0.16,0.05
09-06-18,0.16,0.05
10-06-18,0.14,0.02
11-06-18,0.14,0.02
12-06-18,0.12,0.01
13-06-18,0.12,0.01
14-06-18,0.12,0.01
15-06-18,0.12,0.01
16-06-18,0.12,0.01
17-06-18,0.12,0.01
18-06-18,0.12,0.01
19-06-18,0.12,0.01
20-06-18,0.12,0.01
21-06-18,0.14,0.01
22-06-18,0.48,0.74
23-06-18,0.2,0.15
24-06-18,0.19,0.13
25-06-18,0.18,0.11
26-06-18,0.21,0.17
27-06-18,0.22,0.13
28-06-18,0.2,0.13
29-06-18,0.19,0.11
30-06-18,0.18,0.1
01-07-18,0.17,0.08
02-07-18,0.17,0.07
03-07-18,0.15,0.05
04-07-18,0.15,0.04
05-07-18,0.15,0.04
06-07-18,0.15,0.04
07-07-18,0.25,0.22
08-07-18,0.27,0.29
09-07-18,0.25,0.23
10-07-18,0.24,0.21
11-07-18,0.21,0.15
12-07-18,0.21,0.14
13-07-18,0.2,0.12
14-07-18,0.2,0.12
15-07-18,0.19,0.11
16-07-18,0.19,0.11
17-07-18,0.19,0.09
18-07-18,0.18,0.08
19-07-18,0.18,0.09
20-07-18,0.18,0.08
21-07-18,0.18,0.08
22-07-18,0.18,0.07
23-07-18,0.17,0.07
24-07-18,0.16,0.06
25-07-18,0.16,0.05
26-07-18,0.16,0.05
27-07-18,0.16,0.06
28-07-18,0.15,0.03
29-07-18,0.15,0.03
30-07-18,0.15,0.03
31-07-18,0.15,0.03
01-08-18,0.16,0.05
02-08-18,0.16,0.05
03-08-18,0.16,0.04
04-08-18,0.15,0.03
05-08-18,0.15,0.03
06-08-18,0.15,0.03
07-08-18,0.15,0.23
08-08-18,0.15,0.02
09-08-18,0.15,0.02
10-08-18,0.15,0.01
11-08-18,0.15,0.01
12-08-18,0.15,0.01
13-08-18,0.14,0.01
14-08-18,0.14,0.01
15-08-18,0.14,0.01
16-08-18,0.14,0.01
17-08-18,0.14,0.01
18-08-18,0.14,0.01
19-08-18,0.14,0.01
20-08-18,0.14,0.01
21-08-18,0.14,0.01
22-08-18,0.13,0.01
23-08-18,0.13,0.01
24-08-18,0.12,0.01
25-08-18,0.12,0.01
26-08-18,0.12,0.01
27-08-18,0.12,0.01
28-08-18,0.11,0.01
29-08-18,0.11,0.01
30-08-18,0.11,0.01
31-08-18,0.1,0.01
01-09-18,0.1,0.01
02-09-18,0.1,0.01
03-09-18,0.2,0.12
04-09-18,0.13,0.01
05-09-18,0.14,0.01
06-09-18,0.36,1.01
07-09-18,0.38,1.13
08-09-18,0.16,0.09
09-09-18,0.25,0.96
10-09-18,0.5,2.72
11-09-18,0.34,0.8
12-09-18,0.29,0.62
13-09-18,0.36,0.98
14-09-18,0.29,0.71
15-09-18,0.39,1.13
16-09-18,0.36,1
17-09-18,0.34,0.81
18-09-18,0.33,0.82
19-09-18,0.29,0.57
20-09-18,0.27,0.48
21-09-18,0.25,0.42
22-09-18,0.25,0.42
23-09-18,0.31,0.79
24-09-18,0.25,0.45
25-09-18,0.26,0.47
26-09-18,0.26,0.46
27-09-18,0.32,0.82
28-09-18,0.86,12.91
29-09-18,0.72,12.08
30-09-18,-,-
01-10-18,-,-
02-10-18,0.78,12.44
03-10-18,0.62,5.71
04-10-18,0.56,4.23
05-10-18,0.5,3.27
06-10-18,0.46,2.79
07-10-18,0.44,2.13
08-10-18,0.44,2.15
09-10-18,0.42,1.98
10-10-18,0.4,1.7
11-10-18,0.39,1.67
12-10-18,0.38,1.49
13-10-18,0.37,1.51
14-10-18,0.36,1.36
15-10-18,0.35,1.26
16-10-18,0.35,1.29
17-10-18,0.35,1.23
18-10-18,0.34,1.16
19-10-18,0.34,1.2
20-10-18,0.34,1.19
21-10-18,0.42,2
22-10-18,0.36,1.32
23-10-18,0.36,1.29
24-10-18,0.35,1.1
25-10-18,0.36,1.2
26-10-18,0.36,1.17
27-10-18,0.35,1.18
28-10-18,0.34,1.1
29-10-18,0.34,1.1
30-10-18,0.33,1.06
31-10-18,0.33,1.16
01-11-18,0.33,1.12
02-11-18,0.32,1.06
03-11-18,0.32,1
04-11-18,0.31,0.97
05-11-18,0.31,0.95
06-11-18,0.31,0.94
07-11-18,0.31,0.92
08-11-18,0.31,0.91
09-11-18,0.31,0.91
10-11-18,0.3,0.77
11-11-18,0.31,0.79
12-11-18,0.29,0.59
13-11-18,0.3,0.71
14-11-18,0.31,0.73
15-11-18,0.3,0.71
16-11-18,0.3,0.72
17-11-18,0.29,0.69
18-11-18,0.29,0.68
19-11-18,0.31,0.72
20-11-18,0.3,0.7
21-11-18,0.29,0.67
22-11-18,0.29,0.67
23-11-18,0.29,0.65
24-11-18,0.3,0.68
25-11-18,0.29,0.65
26-11-18,0.31,0.73
27-11-18,0.3,0.63
28-11-18,0.3,0.63
29-11-18,0.28,0.6
30-11-18,0.28,0.59
01-12-18,0.28,0.59
02-12-18,0.28,0.58
03-12-18,-,-
04-12-18,-,-
05-12-18,-,-
06-12-18,-,-
07-12-18,-,-
08-12-18,-,-
09-12-18,-,-
10-12-18,-,-
11-12-18,-,-
12-12-18,-,-
13-12-18,-,-
14-12-18,-,-
15-12-18,-,-
16-12-18,-,-
17-12-18,-,-
18-12-18,-,-
19-12-18,-,-
20-12-18,-,-
21-12-18,-,-
22-12-18,-,-
23-12-18,-,-
24-12-18,-,-
25-12-18,-,-
26-12-18,-,-
27-12-18,-,-
28-12-18,-,-
29-12-18,-,-
30-12-18,-,-
31-12-18,-,-
01-01-19,-,-
02-01-19,0.29,0.47
03-01-19,0.29,0.45
04-01-19,0.29,0.49
05-01-19,0.29,0.44
06-01-19,0.29,0.46
07-01-19,0.29,0.44
08-01-19,0.29,0.43
09-01-19,0.29,0.44
10-01-19,0.32,0.51
11-01-19,0.35,0.6
12-01-19,0.34,0.56
13-01-19,0.34,0.53
14-01-19,0.31,0.45
15-01-19,0.31,0.44
16-01-19,0.31,0.44
17-01-19,0.3,0.44
18-01-19,0.3,0.43
19-01-19,0.29,0.41
20-01-19,0.29,0.4
21-01-19,0.29,0.39
22-01-19,0.29,0.41
23-01-19,0.29,0.39
24-01-19,0.29,0.39
25-01-19,0.28,0.36
26-01-19,0.28,0.36
27-01-19,0.28,0.39
28-01-19,0.28,0.38
29-01-19,0.28,0.38
30-01-19,0.28,0.38
31-01-19,0.27,0.32
01-02-19,0.27,0.32
02-02-19,0.27,0.31
03-02-19,0.27,0.32
04-02-19,0.28,0.37
05-02-19,0.28,0.36
06-02-19,0.28,0.35
07-02-19,0.28,0.35
08-02-19,0.26,0.3
09-02-19,0.26,0.3
10-02-19,0.26,0.27
11-02-19,0.26,0.26
12-02-19,0.25,0.28
13-02-19,0.25,0.27
14-02-19,0.25,0.23
15-02-19,0.25,0.25
16-02-19,0.25,0.26
17-02-19,0.25,0.25
18-02-19,0.25,0.24
19-02-19,0.25,0.23
20-02-19,0.25,0.24
21-02-19,0.25,0.23
22-02-19,0.25,0.23
23-02-19,0.25,0.22
24-02-19,0.25,0.22
25-02-19,0.25,0.22
26-02-19,0.25,0.22
27-02-19,0.25,0.21
28-02-19,0.25,0.21
01-03-19,0.25,0.22
02-03-19,0.25,0.19
03-03-19,0.25,0.21
04-03-19,0.25,0.21
05-03-19,0.25,0.21
06-03-19,0.25,0.29
07-03-19,0.25,0.23
08-03-19,0.25,0.25
09-03-19,0.25,0.24
10-03-19,0.25,0.24
11-03-19,0.25,0.23
12-03-19,0.24,0.21
13-03-19,0.24,0.2
14-03-19,0.24,0.2
15-03-19,0.24,0.2
16-03-19,0.23,0.18
17-03-19,0.23,0.18
18-03-19,0.23,0.18
19-03-19,0.25,0.3
20-03-19,0.24,0.22
21-03-19,0.23,0.19
22-03-19,0.23,0.2
23-03-19,0.24,0.22
24-03-19,0.24,0.21
25-03-19,0.24,0.22
26-03-19,0.24,0.22
27-03-19,0.37,1.07
28-03-19,0.3,0.49
29-03-19,0.29,0.42
30-03-19,0.3,0.48
31-03-19,0.45,1.71
01-04-19,0.34,0.91
02-04-19,0.33,0.84
03-04-19,0.32,0.75
04-04-19,0.31,0.68
05-04-19,0.3,0.64
06-04-19,0.28,0.47
07-04-19,0.28,0.47
08-04-19,0.28,0.43
09-04-19,0.28,0.41
10-04-19,0.28,0.39
11-04-19,0.27,0.39
12-04-19,0.27,0.38
13-04-19,0.26,0.33
14-04-19,0.26,0.32
15-04-19,0.27,0.36
16-04-19,0.27,0.35
17-04-19,0.25,0.3
18-04-19,0.25,0.3
19-04-19,0.25,0.3
20-04-19,0.24,0.29
21-04-19,0.24,0.18
22-04-19,0.24,0.28
23-04-19,0.23,0.19
24-04-19,0.23,0.19
25-04-19,0.23,0.18
26-04-19,0.23,0.18
27-04-19,0.23,0.19
28-04-19,0.23,0.18
29-04-19,0.23,0.18
30-04-19,0.22,0.16
01-05-19,0.22,0.16
02-05-19,0.22,0.16
03-05-19,0.22,0.15
04-05-19,0.22,0.15
05-05-19,0.22,0.16
06-05-19,0.23,0.18
07-05-19,0.23,0.17
08-05-19,0.22,0.15
09-05-19,0.22,0.14
10-05-19,0.21,0.13
11-05-19,0.21,0.12
12-05-19,0.22,0.15
13-05-19,0.22,0.14
14-05-19,0.22,0.14
15-05-19,0.24,0.24
16-05-19,0.23,0.16
17-05-19,0.23,0.19
18-05-19,0.23,0.18
19-05-19,0.23,0.19
20-05-19,0.23,0.19
21-05-19,0.22,0.14
22-05-19,0.22,0.15
23-05-19,0.22,0.14
24-05-19,0.22,0.14
25-05-19,0.22,0.13
26-05-19,0.23,0.16
27-05-19,0.22,0.14
28-05-19,0.22,0.16
29-05-19,0.22,0.17
30-05-19,0.22,0.17
31-05-19,0.22,0.18
01-06-19,0.33,0.62
02-06-19,0.23,0.19
03-06-19,0.22,0.15
04-06-19,0.22,0.14
05-06-19,0.22,0.13
06-06-19,0.32,0.57
07-06-19,0.23,0.19
08-06-19,0.22,0.16
09-06-19,0.22,0.14
10-06-19,0.22,0.09
11-06-19,0.49,2.32
12-06-19,0.29,0.37
13-06-19,0.26,0.27
14-06-19,0.25,0.25
15-06-19,0.25,0.23
16-06-19,0.25,0.23
17-06-19,0.25,0.22
18-06-19,0.25,0.22
19-06-19,0.22,0.1
20-06-19,0.22,0.1
21-06-19,0.22,0.1
22-06-19,0.22,0.1
23-06-19,0.22,0.1
24-06-19,0.22,0.11
25-06-19,0.45,1.82
26-06-19,0.24,0.21
27-06-19,0.23,0.12
28-06-19,0.23,0.11
29-06-19,0.22,0.1
30-06-19,0.22,0.1
01-07-19,0.22,0.09
02-07-19,0.22,0.09
03-07-19,0.22,0.09
04-07-19,0.21,0.08
05-07-19,0.21,0.08
06-07-19,0.21,0.08
07-07-19,0.21,0.08
08-07-19,0.21,0.08
09-07-19,0.21,0.08
10-07-19,0.21,0.1
11-07-19,0.21,0.1
12-07-19,0.25,0.17
13-07-19,0.31,0.42
14-07-19,0.24,0.15
15-07-19,0.23,0.09
16-07-19,0.23,0.09
17-07-19,0.21,0.07
18-07-19,0.21,0.07
19-07-19,0.21,0.06
20-07-19,0.21,0.07
21-07-19,0.21,0.06
22-07-19,0.21,0.07
23-07-19,0.21,0.07
24-07-19,0.29,0.39
25-07-19,0.25,0.14
26-07-19,0.23,0.1
27-07-19,0.23,0.09
28-07-19,0.23,0.09
29-07-19,0.23,0.09
30-07-19,0.22,0.08
31-07-19,0.22,0.07
01-08-19,0.22,0.07
02-08-19,0.22,0.07
03-08-19,0.22,0.07
04-08-19,0.21,0.06
05-08-19,0.21,0.06
06-08-19,0.21,0.05
07-08-19,0.21,0.05
08-08-19,0.21,0.07
09-08-19,0.21,0.06
10-08-19,0.21,0.06
11-08-19,0.21,0.04
12-08-19,0.21,0.04
13-08-19,0.21,0.04
14-08-19,0.21,0.05
15-08-19,0.21,0.05
16-08-19,0.21,0.03
17-08-19,0.21,0.04
18-08-19,0.19,0.01
19-08-19,0.19,0.01
20-08-19,0.19,0.01
21-08-19,0.19,0.01
22-08-19,0.24,0.14
23-08-19,0.19,0.01
24-08-19,0.19,0.01
25-08-19,0.23,0.12
26-08-19,0.29,0.36
27-08-19,0.22,0.09
28-08-19,0.26,0.16
29-08-19,0.23,0.11
30-08-19,0.22,0.09
31-08-19,0.22,0.08
01-09-19,0.22,0.08
02-09-19,0.22,0.09
03-09-19,0.22,0.08
04-09-19,0.24,0.12
05-09-19,2.4,106.37
06-09-19,0.53,7.07
07-09-19,0.41,4.12
08-09-19,0.36,2.94
09-09-19,0.33,2.28
10-09-19,0.31,1.65
11-09-19,0.29,1.27
12-09-19,0.31,1.67
13-09-19,0.3,1.44
14-09-19,0.29,1.27
15-09-19,0.26,1.2
16-09-19,0.25,1.11
17-09-19,0.24,0.83
18-09-19,0.24,0.9
19-09-19,0.24,0.9
20-09-19,0.24,0.88
21-09-19,0.24,0.88
22-09-19,0.22,0.58
23-09-19,0.23,0.56
24-09-19,0.22,0.6
25-09-19,0.22,0.56
26-09-19,0.21,0.56
27-09-19,0.21,0.54
28-09-19,0.2,0.52
29-09-19,0.2,0.48
30-09-19,0.24,1.3
01-10-19,0.21,0.69
02-10-19,0.26,1.21
03-10-19,0.22,0.74
04-10-19,0.25,0.91
05-10-19,0.22,0.72
06-10-19,0.21,0.6
07-10-19,0.2,0.59
08-10-19,0.2,0.56
09-10-19,0.2,0.56
10-10-19,0.2,0.48
11-10-19,0.2,0.46
12-10-19,0.2,0.46
13-10-19,0.2,0.54
14-10-19,0.2,0.53
15-10-19,0.19,0.46
16-10-19,0.19,0.45
17-10-19,0.19,0.46
18-10-19,0.19,0.48
19-10-19,0.19,0.49
20-10-19,0.19,0.45
21-10-19,0.19,0.44
22-10-19,0.18,0.45
23-10-19,0.18,0.43
24-10-19,0.18,0.43
25-10-19,0.18,0.4
26-10-19,0.18,0.38
27-10-19,0.18,0.4
28-10-19,0.18,0.33
29-10-19,0.17,0.39
30-10-19,0.17,0.37
31-10-19,0.17,0.38
01-11-19,0.16,0.31
02-11-19,0.16,0.31
03-11-19,0.16,0.31
04-11-19,0.16,0.31
05-11-19,0.16,0.3
06-11-19,0.16,0.31
07-11-19,0.16,0.3
08-11-19,0.28,1.3
09-11-19,0.17,0.32
10-11-19,0.16,0.31
11-11-19,0.16,0.29
12-11-19,0.16,0.27
13-11-19,0.16,0.28
14-11-19,0.16,0.27
15-11-19,0.16,0.26
16-11-19,0.16,0.26
17-11-19,0.17,0.27
18-11-19,0.17,0.28
19-11-19,0.16,0.28
20-11-19,0.17,0.28
21-11-19,0.17,0.27
22-11-19,0.16,0.23
23-11-19,0.16,0.23
24-11-19,0.16,0.22
25-11-19,0.16,0.22
26-11-19,0.16,0.21
27-11-19,0.16,0.21
28-11-19,0.16,0.2
29-11-19,0.16,0.2
30-11-19,0.16,0.21
01-12-19,0.16,0.24
02-12-19,0.16,0.23
03-12-19,-,-
04-12-19,-,-
05-12-19,-,-
06-12-19,-,-
07-12-19,-,-
08-12-19,-,-
09-12-19,-,-
10-12-19,-,-
11-12-19,-,-
12-12-19,-,-
13-12-19,-,-
14-12-19,-,-
15-12-19,-,-
16-12-19,-,-
17-12-19,-,-
18-12-19,-,-
19-12-19,-,-
20-12-19,-,-
21-12-19,-,-
22-12-19,-,-
23-12-19,-,-
24-12-19,-,-
25-12-19,-,-
26-12-19,-,-
27-12-19,-,-
28-12-19,-,-
29-12-19,-,-
30-12-19,-,-
31-12-19,-,-
01-01-20,-,-
02-01-20,-,-
03-01-20,0.22,0.38
04-01-20,0.22,0.37
05-01-20,0.22,0.37
06-01-20,0.17,0.2
07-01-20,0.17,0.2
08-01-20,0.17,0.19
09-01-20,0.17,0.22
10-01-20,0.16,0.2
11-01-20,0.15,0.17
12-01-20,0.15,0.17
13-01-20,0.14,0.17
14-01-20,0.14,0.15
15-01-20,0.14,0.17
16-01-20,0.16,0.2
17-01-20,0.16,0.2
18-01-20,0.16,0.2
19-01-20,0.16,0.2
20-01-20,0.17,0.21
21-01-20,0.14,0.16
22-01-20,0.14,0.16
23-01-20,0.14,0.16
24-01-20,0.13,0.17
25-01-20,0.13,0.15
26-01-20,0.13,0.17
27-01-20,0.13,0.16
28-01-20,0.13,0.17
29-01-20,0.13,0.16
30-01-20,0.13,0.16
31-01-20,0.14,0.18
01-02-20,0.14,0.18
02-02-20,0.13,0.15
03-02-20,0.13,0.16
04-02-20,0.13,0.17
05-02-20,0.13,0.17
06-02-20,0.13,0.16
07-02-20,0.13,0.15
08-02-20,0.13,0.16
09-02-20,0.13,0.16
10-02-20,0.13,0.14
11-02-20,0.13,0.14
12-02-20,0.13,0.13
13-02-20,0.13,0.14
14-02-20,0.13,0.15
15-02-20,0.13,0.14
16-02-20,0.13,0.13
17-02-20,0.13,0.13
18-02-20,0.13,0.13
19-02-20,0.13,0.14
20-02-20,0.13,0.15
21-02-20,0.13,0.14
22-02-20,0.13,0.14
23-02-20,0.13,0.11
24-02-20,0.13,0.12
25-02-20,0.13,0.14
26-02-20,0.13,0.13
27-02-20,0.13,0.13
28-02-20,0.13,0.11
29-02-20,0.13,0.12
01-03-20,0.13,0.12
02-03-20,0.13,0.12
03-03-20,0.13,0.11
04-03-20,0.13,0.12
05-03-20,0.13,0.11
06-03-20,0.12,0.09
07-03-20,0.12,0.09
08-03-20,0.12,0.09
09-03-20,0.12,0.09
10-03-20,0.12,0.09
11-03-20,0.12,0.09
12-03-20,0.12,0.09
13-03-20,0.12,0.09
14-03-20,0.12,0.09
15-03-20,0.11,0.05
16-03-20,0.11,0.05
17-03-20,0.11,0.06
18-03-20,0.11,0.06
19-03-20,0.11,0.05
20-03-20,0.13,0.06
21-03-20,0.13,0.08
22-03-20,0.13,0.08
23-03-20,0.13,0.07
24-03-20,0.13,0.07
25-03-20,0.13,0.07
26-03-20,0.13,0.07
27-03-20,0.13,0.08
28-03-20,0.12,0.05
29-03-20,0.12,0.06
30-03-20,0.12,0.06
31-03-20,0.13,0.07
01-04-20,0.13,0.07
02-04-20,0.13,0.07
03-04-20,0.13,0.07
04-04-20,0.14,0.08
05-04-20,0.13,0.07
06-04-20,0.13,0.07
07-04-20,0.13,0.06
08-04-20,0.13,0.06
09-04-20,0.13,0.05
10-04-20,0.13,0.06
11-04-20,0.13,0.06
12-04-20,0.13,0.06
13-04-20,0.13,0.07
14-04-20,0.13,0.06
15-04-20,0.13,0.06
16-04-20,0.13,0.06
17-04-20,0.13,0.06
18-04-20,0.13,0.05
19-04-20,0.13,0.05
20-04-20,0.13,0.05
21-04-20,0.13,0.04
22-04-20,0.13,0.04
23-04-20,0.13,0.05
24-04-20,0.13,0.05
25-04-20,0.13,0.05
26-04-20,0.13,0.05
27-04-20,0.13,0.05
28-04-20,0.13,0.05
29-04-20,0.13,0.05
30-04-20,0.18,0.17
01-05-20,0.13,0.06
02-05-20,0.13,0.05
03-05-20,0.13,0.05
04-05-20,0.12,0.03
05-05-20,0.12,0.03
06-05-20,0.33,1.11
07-05-20,0.15,0.1
08-05-20,0.14,0.07
09-05-20,0.17,0.18
10-05-20,0.15,0.07
11-05-20,0.12,0.06
12-05-20,0.13,0.07
13-05-20,0.13,0.07
14-05-20,0.13,0.07
15-05-20,0.13,0.06
16-05-20,0.13,0.06
17-05-20,0.11,0.04
18-05-20,0.11,0.04
19-05-20,0.11,0.04
20-05-20,0.11,0.04
21-05-20,0.11,0.04
22-05-20,0.11,0.04
23-05-20,0.1,0.03
24-05-20,0.1,0.03
25-05-20,0.1,0.03
26-05-20,0.1,0.04
27-05-20,0.1,0.04
28-05-20,0.1,0.03
29-05-20,0.1,0.03
30-05-20,0.1,0.05
31-05-20,0.1,0.03
01-06-20,0.31,0.99
02-06-20,0.15,0.07
03-06-20,0.17,0.17
04-06-20,0.16,0.18
05-06-20,0.15,0.18
06-06-20,0.15,0.13
07-06-20,0.15,0.13
08-06-20,0.13,0.1
09-06-20,0.13,0.1
10-06-20,0.16,0.14
11-06-20,0.14,0.11
12-06-20,0.2,0.22
13-06-20,0.14,0.11
14-06-20,0.14,0.1
15-06-20,0.13,0.1
16-06-20,0.13,0.1
17-06-20,0.13,0.1
18-06-20,0.11,0.08
19-06-20,0.11,0.08
20-06-20,0.01,0.08
21-06-20,0.11,0.08
22-06-20,0.11,0.08
23-06-20,0.11,0.08
24-06-20,0.1,0.07
25-06-20,0.31,1.01
26-06-20,0.18,0.2
27-06-20,0.23,0.26
28-06-20,0.19,0.2
29-06-20,0.17,0.15
30-06-20,0.14,0.15
01-07-20,0.14,0.18
02-07-20,0.14,0.16
03-07-20,0.14,0.15
04-07-20,0.13,0.14
05-07-20,0.12,0.12
06-07-20,0.12,0.12
07-07-20,0.12,0.12
08-07-20,0.12,0.11
09-07-20,0.11,0.1
10-07-20,0.12,0.11
11-07-20,0.12,0.1
12-07-20,0.12,0.1
13-07-20,0.11,0.08
14-07-20,0.11,0.07
15-07-20,0.11,0.08
16-07-20,0.1,0.07
17-07-20,0.09,0.05
18-07-20,0.11,0.07
19-07-20,0.11,0.07
20-07-20,0.12,0.08
21-07-20,0.12,0.08
22-07-20,0.11,0.07
23-07-20,0.11,0.07
24-07-20,0.08,0.05
25-07-20,0.08,0.46
26-07-20,0.23,0.26
27-07-20,2,70.7
28-07-20,0.52,12.88
29-07-20,0.64,4.43
30-07-20,0.42,9.37
31-07-20,0.34,5.23
01-08-20,0.3,4.7
02-08-20,0.25,0.33
03-08-20,0.35,6.02
04-08-20,0.23,3.86
05-08-20,0.21,2.74
06-08-20,0.2,2.33
07-08-20,0.18,2.12
08-08-20,0.16,1.94
09-08-20,0.14,1.69
10-08-20,0.12,1.47
11-08-20,0.1,1.3
12-08-20,0.1,1.05
13-08-20,0.1,1.03
14-08-20,0.09,0.94
15-08-20,0.09,0.79
16-08-20,0.08,0.39
17-08-20,0.08,0.37
18-08-20,0.07,0.69
19-08-20,0.07,0.64
20-08-20,0.06,0.58
21-08-20,0.05,0.53
22-08-20,0.05,0.51
23-08-20,0.05,0.46
24-08-20,0.05,0.44
25-08-20,0.05,0.54
26-08-20,0.09,0.82
27-08-20,0.06,0.59
28-08-20,0.05,0.51
29-08-20,0.04,0.46
30-08-20,0.05,0.51
31-08-20,0.05,0.45
01-09-20,0.04,0.4
02-09-20,0.04,0.39
03-09-20,0.04,0.38
04-09-20,0.04,0.35
05-09-20,0.04,0.35
06-09-20,0.11,1.12
07-09-20,0.08,0.73
08-09-20,0.06,0.65
09-09-20,0.06,0.64
10-09-20,0.26,2.26
11-09-20,0.1,0.89
12-09-20,0.09,0.78
13-09-20,0.07,0.66
14-09-20,0.06,0.63
15-09-20,0.14,0.82
16-09-20,0.12,0.56
17-09-20,0.26,2.33
18-09-20,0.36,4.81
19-09-20,0.27,2.47
20-09-20,0.21,1.77
21-09-20,0.19,1.69
22-09-20,0.18,1.54
23-09-20,0.16,1.42
24-09-20,0.15,1.28
25-09-20,0.13,1.21
26-09-20,0.12,1.13
27-09-20,0.11,1.33
28-09-20,0.1,1.28
29-09-20,0.09,1.04
30-09-20,0.09,0.99
01-10-20,0.08,0.86
02-10-20,0.07,0.8
03-10-20,0.07,0.8
04-10-20,0.06,0.71
05-10-20,0.07,0.73
06-10-20,0.05,0.68
07-10-20,0.05,0.65
08-10-20,0.05,0.63
09-10-20,0.05,0.64
10-10-20,0.05,0.6
11-10-20,0.05,0.59
12-10-20,0.05,0.68
13-10-20,0.05,0.65
14-10-20,0.05,0.62
15-10-20,0.04,0.52
16-10-20,0.04,0.53
17-10-20,0.04,0.5
18-10-20,0.04,0.49
19-10-20,0.04,0.49
20-10-20,0.04,0.48
21-10-20,0.03,0.51
22-10-20,0.03,0.48
23-10-20,0.03,0.46
24-10-20,0.03,0.46
25-10-20,0.03,0.47
26-10-20,0.03,0.4
27-10-20,0.03,0.4
28-10-20,0.03,0.39
29-10-20,0.03,0.39
30-10-20,0.04,0.49
31-10-20,0.04,0.45
01-11-20,0.03,0.42
02-11-20,0.03,0.4
03-11-20,0.03,0.41
04-11-20,0.03,0.41
05-11-20,0.03,0.41
06-11-20,0.02,0.4
07-11-20,0.02,0.36
08-11-20,0.02,0.35
09-11-20,0.02,0.37
10-11-20,0.02,0.35
11-11-20,0.02,0.34
12-11-20,0.01,0.33
13-11-20,0.01,0.31
14-11-20,0.01,0.3
15-11-20,0.01,0.3
16-11-20,0.01,0.24
17-11-20,0.01,0.29
18-11-20,0.01,0.28
19-11-20,0.01,0.26
20-11-20,0.01,0.26
21-11-20,0.01,0.26
22-11-20,0.01,0.25
23-11-20,0.01,0.25
24-11-20,0.01,0.26
25-11-20,0.01,0.25
26-11-20,0.01,-
27-11-20,0.01,0.19
28-11-20,0.01,0.18
29-11-20,0.01,0.27
30-11-20,0.01,0.27
01-12-20,0.01,0.26
02-12-20,0.01,-
03-12-20,-,-
04-12-20,-,-
05-12-20,-,-
06-12-20,-,-
07-12-20,-,-
08-12-20,-,-
09-12-20,-,-
10-12-20,-,-
11-12-20,-,-
12-12-20,-,-
13-12-20,-,-
14-12-20,-,-
15-12-20,-,-
16-12-20,-,-
17-12-20,-,-
18-12-20,-,-
19-12-20,-,-
20-12-20,-,-
21-12-20,-,-
22-12-20,-,-
23-12-20,-,-
24-12-20,-,-
25-12-20,-,-
26-12-20,-,-
27-12-20,-,-
28-12-20,-,-
29-12-20,-,-
30-12-20,-,-
31-12-20,-,-
01-01-21,-,-
02-01-21,-,-
03-01-21,-,-
04-01-21,-,-
05-01-21,-,-
06-01-21,0.01,0.21
07-01-21,0.01,0.2
08-01-21,0.01,0.18
09-01-21,0.01,0.15
10-01-21,0.01,0.15
11-01-21,0.01,0.16
12-01-21,0.01,0.16
13-01-21,0.01,0.17
14-01-21,0.01,0.16
15-01-21,0.01,1.73
16-01-21,0.01,0.16
17-01-21,0.01,0.15
18-01-21,0.01,0.15
19-01-21,0.01,0.15
20-01-21,0.01,0.15
21-01-21,0.01,0.15
22-01-21,0.01,0.15
23-01-21,0.01,0.15
24-01-21,0.01,0.15
25-01-21,0.01,0.14
26-01-21,0.01,0.15
27-01-21,0.01,0.15
28-01-21,0.01,0.15
29-01-21,0.01,0.15
30-01-21,0.01,0.14
31-01-21,0.01,0.15
01-02-21,0.01,0.14
02-02-21,0.01,0.11
03-02-21,0.01,0.11
04-02-21,0.01,0.11
05-02-21,0.01,0.12
06-02-21,0.01,0.11
07-02-21,0.01,0.1
08-02-21,0.01,0.1
09-02-21,0.01,0.09
10-02-21,0.01,0.1
11-02-21,0.01,0.09
12-02-21,0.01,0.08
13-02-21,0.01,0.08
14-02-21,0.01,0.09
15-02-21,0.01,0.08
16-02-21,0.01,0.08
17-02-21,0.01,0.09
18-02-21,0.01,0.08
19-02-21,0.01,0.09
20-02-21,0.01,0.09
21-02-21,0.01,0.09
22-02-21,0.01,0.08
23-02-21,0.01,0.09
24-02-21,0.01,0.09
25-02-21,0.01,0.08
26-02-21,0.01,0.08
27-02-21,0.01,0.08
28-02-21,0.01,0.07
01-03-21,0.01,0.08
02-03-21,0.01,0.07
03-03-21,0.01,0.07
04-03-21,0.01,0.07
05-03-21,0.01,0.07
06-03-21,0.01,0.06
07-03-21,0.01,0.07
08-03-21,0.01,0.06
09-03-21,0.01,0.06
10-03-21,0.01,0.06
11-03-21,0.01,0.06
12-03-21,0.01,0.06
13-03-21,0.01,0.05
14-03-21,0.01,0.05
15-03-21,0.01,0.05
16-03-21,0.01,0.04
17-03-21,0.01,0.05
18-03-21,0.01,0.05
19-03-21,0.01,0.04
20-03-21,0.01,0.04
21-03-21,0.01,0.04
22-03-21,0.01,0.04
23-03-21,0.01,0.04
24-03-21,0.01,0.04
25-03-21,0.01,0.04
26-03-21,0.01,0.04
27-03-21,0.01,0.04
28-03-21,0.01,0.03
29-03-21,0.01,0.03
30-03-21,0.01,0.03
31-03-21,0.01,0.03
01-04-21,0.01,0.03
02-04-21,0.01,0.03
03-04-21,0.01,0.02
04-04-21,0.01,0.03
05-04-21,0.01,0.02
06-04-21,0.01,0.02
07-04-21,0.01,0.02
08-04-21,0.01,0.02
09-04-21,0.01,0.02
10-04-21,0.01,0.02
11-04-21,0.01,0.02
12-04-21,0.01,0.02
13-04-21,0.01,0.02
14-04-21,0,0.01
15-04-21,0,0.01
16-04-21,0,0.01
17-04-21,0,0.01
18-04-21,0,0.01
19-04-21,0,0.01
20-04-21,0,0.01
21-04-21,0,0.01
22-04-21,0,0.01
23-04-21,0,0.01
24-04-21,0,0.01
25-04-21,0,0.01
26-04-21,0,0.01
27-04-21,0,0.01
28-04-21,0,0.01
29-04-21,0,0.01
30-04-21,0,0.01
01-05-21,0,0.01
02-05-21,0,0.01
03-05-21,0,0.01
04-05-21,0,0.01
05-05-21,0,0.01
06-05-21,0,0.01
07-05-21,0,0.01
08-05-21,0,0.01
09-05-21,0,0.01
10-05-21,0,0.01
11-05-21,0,0.01
12-05-21,0,0.01
13-05-21,0,0.01
14-05-21,0,0.01
15-05-21,0,0.01
16-05-21,0,0.01
17-05-21,0,0.01
18-05-21,0,0.01
19-05-21,0,0.01
20-05-21,0,0.01
21-05-21,0,0.01
22-05-21,0,0.01
23-05-21,0,0.01
24-05-21,0,0.01
25-05-21,0,0.01
26-05-21,0,0.01
27-05-21,0,0.01
28-05-21,0,0.01
29-05-21,0,0.01
30-05-21,0,0.01
31-05-21,0,0.01
01-06-21,0,0.01
02-06-21,0,0.01
03-06-21,0,0.01
04-06-21,0,0.01
05-06-21,0,0.01
06-06-21,0,0.01
07-06-21,0,0.01
08-06-21,0,0.01
09-06-21,0,0.01
10-06-21,0,0.01
11-06-21,0,0.01
12-06-21,0,0.01
13-06-21,0,0.01
14-06-21,0,0.01
15-06-21,0,0.01
16-06-21,0,0.01
17-06-21,0.08,0.35
18-06-21,0.02,0.2
19-06-21,0,0.01
20-06-21,0,0.01
21-06-21,0,0.01
22-06-21,0,0.01
23-06-21,0.04,0.26
24-06-21,0.18,1.26
25-06-21,0.03,0.22
26-06-21,0,0.01
27-06-21,0,0.01
28-06-21,0.04,0.25
29-06-21,0.01,0.05
30-06-21,0.22,1.68
01-07-21,0.2,1.43
02-07-21,0.19,1.3
03-07-21,0.13,0.47
04-07-21,0.04,0.24
05-07-21,0.03,0.2
06-07-21,0,0.01
07-07-21,0.14,0.48
08-07-21,0.09,0.19
09-07-21,0.19,1.3
10-07-21,0.1,0.2
11-07-21,0.36,4.12
12-07-21,0.2,1.42
13-07-21,0.19,1.29
14-07-21,0.18,1.1
15-07-21,0.14,0.46
16-07-21,0.08,0.19
17-07-21,0.07,0.16
18-07-21,0.06,0.13
19-07-21,0.03,0.08
20-07-21,0,0.01
21-07-21,0,0.01
22-07-21,0.24,1.59
23-07-21,0.13,0.41
24-07-21,0.09,0.19
25-07-21,0.06,0.13
26-07-21,0.02,0.08
27-07-21,0,0.01
28-07-21,0,0.01
29-07-21,0.07,0.15
30-07-21,0.14,0.51
31-07-21,0.06,0.14
01-08-21,0.02,0.08
02-08-21,0.02,0.07
03-08-21,0,0.01
04-08-21,0,0.01
05-08-21,0,0.01
06-08-21,0.07,0.15
07-08-21,0.05,0.13
08-08-21,0.02,0.06
09-08-21,0.02,0.07
10-08-21,0.01,0.05
11-08-21,0.01,0.05
12-08-21,0,0.01
13-08-21,0,0.01
14-08-21,0,0.01
15-08-21,0,0.01
16-08-21,0,0.01
17-08-21,0,0.01
18-08-21,0,0.01
19-08-21,0,0.01
20-08-21,0,0.01
21-08-21,0,0.01
22-08-21,0,0.01
23-08-21,0,0.01
24-08-21,0,0.01
25-08-21,0,0.01
26-08-21,0,0.01
27-08-21,0,0.01
28-08-21,0,0.01
29-08-21,0,0.01
30-08-21,0,0.01
31-08-21,0,0.01
01-09-21,0,0.01
02-09-21,0,0.01
03-09-21,0,0.01
04-09-21,0,0.01
05-09-21,0,0.01
06-09-21,0,0.01
07-09-21,0,0.01
08-09-21,0,0.01
09-09-21,0,0.01
10-09-21,0,0.01
11-09-21,0,0.01
12-09-21,0,0.01
13-09-21,0,0.01
14-09-21,0,0.01
15-09-21,0,0.01
16-09-21,0,0.01
17-09-21,0,0.01
18-09-21,0,0.01
19-09-21,0,0.01
20-09-21,0,0.01
21-09-21,0,0.01
22-09-21,0.22,1.2
23-09-21,0.12,0.44
24-09-21,0,0.01
25-09-21,0,0.01
26-09-21,0,0.01
27-09-21,0,0.01
28-09-21,0,0.01
29-09-21,0,0.01
30-09-21,0,0.01
01-10-21,0,0.01
02-10-21,0,0.01
03-10-21,0,0.01
04-10-21,0,0.01
05-10-21,0,0.01
06-10-21,0,0.01
07-10-21,0,0.01
08-10-21,0,0.01
09-10-21,0,0.01
10-10-21,0,0.01
11-10-21,0,0.01
12-10-21,0,0.01
13-10-21,0,0.01
14-10-21,0,0.01
15-10-21,0,0.01
16-10-21,1.6,17.78
17-10-21,0.17,1.82
18-10-21,-,-
19-10-21,-,-
20-10-21,-,-
21-10-21,-,-
22-10-21,-,-
23-10-21,-,-
24-10-21,-,-
25-10-21,-,-
26-10-21,-,-
27-10-21,-,-
28-10-21,-,-
29-10-21,-,-
30-10-21,-,-
31-10-21,-,-
01-11-21,0,0.01
02-11-21,0,0.01
03-11-21,0,0.01
04-11-21,0,0.01
05-11-21,0,0.01
06-11-21,0,0.01
07-11-21,0,0.01
08-11-21,0,0.01
09-11-21,0,0.01
10-11-21,0,0.01
11-11-21,0,0.01
12-11-21,0,0.01
13-11-21,0,0.01
14-11-21,0,0.01
15-11-21,0,0.01
16-11-21,0,0.01
17-11-21,0,0.01
18-11-21,0,0.01
19-11-21,0,0.01
20-11-21,0,0.01
21-11-21,0,0.01
22-11-21,0,0.01
23-11-21,0,0.01
24-11-21,0,0.01
25-11-21,0,0.01
26-11-21,0,0.1
27-11-21,0,0.01
28-11-21,0,0.01
29-11-21,0,0.01
30-11-21,0,0.01
01-12-21,0,0.01
02-12-21,0,0.01
03-12-21,0,0.01
04-12-21,0,0.01
05-12-21,0,0.01
06-12-21,0,0.01
07-12-21,0,0.01
08-12-21,0,0.01
09-12-21,0,0.01
10-12-21,0,0.01
11-12-21,0,0.01
12-12-21,0,0.01
13-12-21,0,0.01
14-12-21,0,0.01
15-12-21,0,0.01
16-12-21,0,0.01
17-12-21,0,0.01
18-12-21,0,0.01
19-12-21,0,0.01
20-12-21,-,-
21-12-21,-,-
22-12-21,-,-
23-12-21,-,-
24-12-21,-,-
25-12-21,-,-
26-12-21,-,-
27-12-21,-,-
28-12-21,-,-
29-12-21,-,-
30-12-21,-,-
31-12-21,-,-
01-01-22,-,-
02-01-22,-,-
03-01-22,0,0.01
04-01-22,0,0.01
05-01-22,0,0.01
06-01-22,0,0.01
07-01-22,0,0.01
08-01-22,0,0.01
09-01-22,0,0.01
10-01-22,0,0.01
11-01-22,0,0.01
12-01-22,0,0.01
13-01-22,0,0.01
14-01-22,0,0.01
15-01-22,0,0.01
16-01-22,0,0.01
17-01-22,0,0.01
18-01-22,0,0.01
19-01-22,0,0.01
20-01-22,0,0.01
21-01-22,0,0.01
22-01-22,0,0.01
23-01-22,0,0.01
24-01-22,0,0.01
25-01-22,0,0.01
26-01-22,0,0.01
27-01-22,0,0.01
28-01-22,0,0.01
29-01-22,0,0.01
30-01-22,0,0.01
31-01-22,0,0.01
01-02-22,0,0.01
02-02-22,0,0.01
03-02-22,0,0.01
04-02-22,0,0.01
05-02-22,0,0.01
06-02-22,0,0.01
07-02-22,0,0.01
08-02-22,0,0.01
09-02-22,0,0.01
10-02-22,0,0.01
11-02-22,0,0.01
12-02-22,0,0.01
13-02-22,0,0.01
14-02-22,0,0.01
15-02-22,0,0.01
16-02-22,0,0.01
17-02-22,0,0.01
18-02-22,0,0.01
19-02-22,0,0.01
20-02-22,0,0.01
21-02-22,0,0.01
22-02-22,0,0.01
23-02-22,0,0.01
24-02-22,0,0.01
25-02-22,0,0.01
26-02-22,0,0.01
27-02-22,0,0.01
28-02-22,0,0.01
01-03-22,0,0.01
02-03-22,0,0.01
03-03-22,0,0.01
04-03-22,0,0.01
05-03-22,0,0.01
06-03-22,0,0.01
07-03-22,0,0.01
08-03-22,0,0.01
09-03-22,0,0.01
10-03-22,0,0.01
11-03-22,0,0.01
12-03-22,0,0.01
13-03-22,0,0.01
14-03-22,0,0.01
15-03-22,0,0.01
16-03-22,0,0.01
17-03-22,0,0.01
18-03-22,0,0.01
19-03-22,0,0.01
20-03-22,0,0.01
21-03-22,0,0.01
22-03-22,0,0.01
23-03-22,0,0.01
24-03-22,0,0.01
25-03-22,0,0.01
26-03-22,0,0.01
27-03-22,0,0.01
28-03-22,0,0.01
29-03-22,0,0.01
30-03-22,0,0.01
31-03-22,0,0.01
01-04-22,0,0.01
02-04-22,0,0.01
03-04-22,0,0.01
04-04-22,0,0.01
05-04-22,0,0.01
06-04-22,0,0.01
07-04-22,0,0.01
08-04-22,0,0.01
09-04-22,0,0.01
10-04-22,0,0.01
11-04-22,0,0.01
12-04-22,0,0.01
13-04-22,0,0.01
14-04-22,0,0.01
15-04-22,0,0.01
16-04-22,0,0.01
17-04-22,0,0.01
18-04-22,0,0.01
19-04-22,0,0.01
20-04-22,0,0.01
21-04-22,0,0.01
22-04-22,0,0.01
23-04-22,0,0.01
24-04-22,0,0.01
25-04-22,0,0.01
26-04-22,0,0.01
27-04-22,0,0.01
28-04-22,0,0.01
29-04-22,0,0.01
30-04-22,0,0.01
01-05-22,0,0.01
02-05-22,0,0.01
03-05-22,0,0.01
04-05-22,0,0.01
05-05-22,0,0.01
06-05-22,0,0.01
07-05-22,0,0.01
08-05-22,0,0.01
09-05-22,0,0.01
10-05-22,0,0.01
11-05-22,0,0.01
12-05-22,0,0.01
13-05-22,0,0.01
14-05-22,0,0.01
15-05-22,0,0.01
16-05-22,0,0.01
17-05-22,0,0.01
18-05-22,0,0.01
19-05-22,0,0.01
20-05-22,0,0.01
21-05-22,0,0.01
22-05-22,0,0.01
23-05-22,0,0.01
24-05-22,0,0.01
25-05-22,0,0.01
26-05-22,0,0.01
27-05-22,0,0.01
28-05-22,0,0.01
29-05-22,0,0.01
30-05-22,0,0.01
31-05-22,0,0.01
01-06-22,0,0.01
02-06-22,0.03,0.01
03-06-22,0,0.01
04-06-22,0,0.01
05-06-22,0,0.01
06-06-22,0,0.01
07-06-22,0,0.01
08-06-22,0,0.01
09-06-22,0,0.01
10-06-22,0,0.01
11-06-22,0,0.01
12-06-22,0,0.01
13-06-22,0,0.01
14-06-22,0,0.01
15-06-22,0,0.01
16-06-22,0,0.01
17-06-22,0,0.01
18-06-22,0,0.01
19-06-22,0,0.01
20-06-22,0,0.01
21-06-22,0,0.01
22-06-22,0,0.01
23-06-22,0,0.01
24-06-22,0,0.01
25-06-22,0,0.01
26-06-22,0,0.01
27-06-22,0,0.01
28-06-22,0,0.01
29-06-22,0.41,2.31
30-06-22,0.03,0.08
01-07-22,0.02,0.08
02-07-22,0.02,0.06
03-07-22,0.02,0.05
04-07-22,0.02,0.04
05-07-22,0,0.01
06-07-22,0,0.01
07-07-22,0,0.01
08-07-22,0,0.01
09-07-22,0,0.01
10-07-22,0,0.01
11-07-22,0,0.01
12-07-22,0,0.01
13-07-22,0,0.01
14-07-22,0,0.01
15-07-22,0,0.01
16-07-22,0,0.01
17-07-22,0,0.01
18-07-22,0,0.01
19-07-22,0,0.01
20-07-22,0,0.01
21-07-22,0,0.01
22-07-22,0,0.01
23-07-22,0,0.01
24-07-22,0,0.01
25-07-22,0,0.01
26-07-22,0,0.01
27-07-22,0,0.01
28-07-22,0,0.01
29-07-22,0,0.01
30-07-22,0,0.01
31-07-22,0,0.01
01-08-22,0,0.01
02-08-22,0,0
03-08-22,0,0.01
04-08-22,0,0.01
05-08-22,0,0.01
06-08-22,0,0.01
07-08-22,0,0
08-08-22,0,0
09-08-22,0,0
10-08-22,0,0
11-08-22,0,0
12-08-22,0,0.01
13-08-22,0.03,0.41
14-08-22,0,0
15-08-22,0,0.01
16-08-22,0,0.01
17-08-22,0,0.01
18-08-22,0,0.01
19-08-22,0,0.01
20-08-22,0,0.01
21-08-22,0,0
22-08-22,0,0
23-08-22,0,0.01
24-08-22,0,0.01
25-08-22,0,0.01
26-08-22,0,0
27-08-22,0,0.01
28-08-22,0,0.01
29-08-22,0,0.01
30-08-22,0,0.01
31-08-22,0.42,2.71
01-09-22,0.3,1.13
02-09-22,0.05,0.35
03-09-22,0.23,1.28
04-09-22,0.26,2.48
05-09-22,2.4,106.37
06-09-22,0.7,23.84
07-09-22,0.66,20.82
08-09-22,0.42,2.75
09-09-22,0.31,5.92
10-09-22,0.24,4.15
11-09-22,0.2,3
12-09-22,0.16,2.5
13-09-22,0.14,2.23
14-09-22,0.1,1.67
15-09-22,0.12,1.89
16-09-22,0.1,1.44
17-09-22,0.1,1.35
18-09-22,0.08,0.92
19-09-22,0.09,0.93
20-09-22,0.07,0.8
21-09-22,0.06,0.89
22-09-22,0.06,0.88
23-09-22,0.05,0.78
24-09-22,0.04,0.72
25-09-22,0.04,0.68
26-09-22,0.04,0.68
27-09-22,0.09,0.97
28-09-22,0.07,0.99
29-09-22,0.05,0.92
30-09-22,0.04,0.81
01-10-22,0.04,0.76
02-10-22,0.04,0.77
03-10-22,0.03,0.51
04-10-22,0.03,0.5
05-10-22,0.03,0.46
06-10-22,0.04,0.63
07-10-22,0.07,1.15
08-10-22,0.05,0.89
09-10-22,0.03,0.66
10-10-22,0.03,0.64
11-10-22,0.03,0.59
12-10-22,0.03,0.51
13-10-22,0.03,0.51
14-10-22,0.03,0.48
15-10-22,0.03,0.47
16-10-22,0.03,0.43
17-10-22,0.03,0.44
18-10-22,0.03,0.46
19-10-22,0.03,0.48
20-10-22,0.03,0.54
21-10-22,0.03,0.53
22-10-22,0.03,0.45
23-10-22,0.03,0.48
24-10-22,0.03,0.48
25-10-22,0.03,0.48
26-10-22,0.03,0.46
27-10-22,0.03,0.52
28-10-22,0.03,0.49
29-10-22,0.03,0.5
30-10-22,0,0.46
31-10-22,-,-
01-11-22,-,-
02-11-22,-,-
03-11-22,0.03,-
04-11-22,0.03,-
05-11-22,0.03,-
06-11-22,0.03,-
07-11-22,0.03,-
08-11-22,0.03,-
09-11-22,0.03,-
10-11-22,0.03,-
11-11-22,0.03,-
12-11-22,0.03,-
13-11-22,-,-
14-11-22,0.03,0.5
15-11-22,0.03,0.49
16-11-22,0.03,0.49
17-11-22,0.03,0.49
18-11-22,0.03,0.44
19-11-22,0.03,0.45
20-11-22,0.03,0.49
21-11-22,0.03,0.48
22-11-22,0.03,0.5
23-11-22,0.03,0.49
24-11-22,0.03,0.51
25-11-22,0.03,0.51
26-11-22,0.03,0.5
27-11-22,0.03,0.43
28-11-22,0.03,0.49
29-11-22,0.03,0.49
30-11-22,0.03,0.51
01-12-22,0.03,0.45
02-12-22,0.03,0.44
03-12-22,0.03,0.45
04-12-22,0.03,0.45
05-12-22,0.03,0.49
06-12-22,0.03,0.44
07-12-22,0.03,0.45
08-12-22,0.03,0.41
09-12-22,0.03,0.42
10-12-22,0.03,0.41
11-12-22,0.02,0.35
12-12-22,0.02,0.37
13-12-22,0.02,0.35
14-12-22,0.02,0.34
15-12-22,0.02,0.34
16-12-22,0.02,0.35
17-12-22,0.02,0.35
18-12-22,0.02,0.35
19-12-22,-,-
20-12-22,-,-
21-12-22,-,-
22-12-22,-,-
23-12-22,-,-
24-12-22,-,-
25-12-22,-,-
26-12-22,-,-
27-12-22,-,-
28-12-22,-,-
29-12-22,-,-
30-12-22,-,-
31-12-22,-,-
01-01-23,-,-
02-01-23,0.02,0.36
03-01-23,0.02,0.38
04-01-23,0.02,0.31
05-01-23,0.02,0.32
06-01-23,0.02,0.32
07-01-23,0.02,0.31
08-01-23,0.02,0.26
09-01-23,0.02,0.26
10-01-23,0.02,0.24
11-01-23,0.02,0.24
12-01-23,0.02,0.21
13-01-23,0.02,0.21
14-01-23,0.02,0.21
15-01-23,0.02,0.2
16-01-23,0.02,0.22
17-01-23,0.02,0.21
18-01-23,0.02,0.2
19-01-23,0.02,0.2
20-01-23,0.02,0.19
21-01-23,0.02,0.19
22-01-23,0.02,0.2
23-01-23,0.02,0.19
24-01-23,0.02,0.18
25-01-23,0.02,0.19
26-01-23,0.02,0.19
27-01-23,0.02,0.19
28-01-23,0.02,0.19
29-01-23,0.02,0.24
30-01-23,0.02,0.21
31-01-23,0.02,0.2
01-02-23,0.02,0.19
02-02-23,0.02,0.2
03-02-23,0.02,0.19
04-02-23,0.02,0.19
05-02-23,0.02,0.19
06-02-23,0.02,0.18
07-02-23,0.02,0.15
08-02-23,0.02,0.15
09-02-23,0.02,0.15
10-02-23,0.02,0.14
11-02-23,0.02,0.14
12-02-23,0.02,0.21
13-02-23,0.02,0.21
14-02-23,0.02,0.2
15-02-23,0.02,0.19
16-02-23,0.02,0.18
17-02-23,0.02,0.16
18-02-23,0.02,0.18
19-02-23,0.02,0.13
20-02-23,0.02,0.15
21-02-23,0.02,0.11
22-02-23,0.02,0.12
23-02-23,0.01,0.11
24-02-23,0.02,0.13
25-02-23,0.02,0.16
26-02-23,0.02,0.13
27-02-23,0.02,0.12
28-02-23,0.02,0.12
01-03-23,0.02,0.1
02-03-23,0.02,0.11
03-03-23,0.02,0.1
04-03-23,0.02,0.11
05-03-23,0.02,0.08
06-03-23,0.02,0.08
07-03-23,0.02,0.06
08-03-23,0.02,0.69
09-03-23,0.02,0.65
10-03-23,0.02,0.06
11-03-23,0.02,0.06
12-03-23,0.02,0.06
13-03-23,0.02,0.06
14-03-23,0.02,0.06
15-03-23,0.02,0.06
16-03-23,0.02,0.67
17-03-23,0.02,0.08
18-03-23,0.02,0.07
19-03-23,0.02,0.07
20-03-23,0.02,0.05
21-03-23,0.02,0.11
22-03-23,0.02,0.1
23-03-23,0.02,0.1
24-03-23,0.02,0.09
25-03-23,0.02,0.08
26-03-23,0.02,0.08
27-03-23,0.02,0.09
28-03-23,0.02,0.08
29-03-23,0.05,0.35
30-03-23,0.04,0.25
31-03-23,0.04,0.2
01-04-23,0.04,0.18
02-04-23,0.04,0.14
03-04-23,0.04,0.13
04-04-23,0.04,0.14
05-04-23,0.04,0.11
06-04-23,0.04,0.13
07-04-23,0.04,0.12
08-04-23,0.06,0.36
09-04-23,0.06,0.39
10-04-23,0.04,0.21
11-04-23,0.1,0.88
12-04-23,0.6,0.49
13-04-23,-,-
14-04-23,-,-
15-04-23,-,-
16-04-23,-,-
17-04-23,-,-
18-04-23,-,-
19-04-23,-,-
20-04-23,-,-
21-04-23,-,-
22-04-23,-,-
23-04-23,-,-
24-04-23,-,-
25-04-23,-,-
26-04-23,-,-
27-04-23,-,-
28-04-23,-,-
29-04-23,-,-
30-04-23,-,-
01-05-23,-,-
02-05-23,-,-
03-05-23,-,-
04-05-23,-,-
05-05-23,-,-
06-05-23,-,-
07-05-23,-,-
08-05-23,-,-
09-05-23,-,-
10-05-23,443.73,-
11-05-23,-,-
12-05-23,-,-
13-05-23,-,-
14-05-23,-,-
15-05-23,-,-
16-05-23,-,-
17-05-23,-,-
18-05-23,-,-
19-05-23,-,-
20-05-23,-,-
21-05-23,-,-
22-05-23,-,-
23-05-23,-,-
24-05-23,-,-
25-05-23,-,-
26-05-23,-,-
27-05-23,-,-
28-05-23,-,-
29-05-23,-,-
30-05-23,-,-
31-05-23,-,-
01-06-23,-,-
02-06-23,-,-
03-06-23,-,-
04-06-23,-,-
05-06-23,-,-
06-06-23,-,-
07-06-23,-,-
08-06-23,-,-
09-06-23,-,-
10-06-23,-,-
11-06-23,-,-
12-06-23,-,-
13-06-23,-,-
14-06-23,-,-
15-06-23,-,-
16-06-23,-,-
17-06-23,-,-
18-06-23,-,-
19-06-23,-,-
20-06-23,-,-
21-06-23,-,-
22-06-23,0,-
23-06-23,-,-
24-06-23,-,-
25-06-23,-,-
26-06-23,0,-
27-06-23,-,-
28-06-23,0,0.01
29-06-23,0,0.01
30-06-23,0,0.01
01-07-23,-,-
02-07-23,-,-
03-07-23,0,3.4
04-07-23,0,0.01
05-07-23,0,0.01
06-07-23,0,0.01
07-07-23,0.09,0.45
08-07-23,-,-
09-07-23,0.1,3.4
10-07-23,0.68,0.31
11-07-23,0.07,0.28
12-07-23,0.06,0.21
13-07-23,0.05,0.18
14-07-23,0.05,0.19
15-07-23,0.05,0.19
16-07-23,0.04,0.14
17-07-23,0.04,0.13
18-07-23,0.05,0.16
19-07-23,0.05,0.15
20-07-23,0.04,0.14
21-07-23,0.04,0.12
22-07-23,0.04,0.1
23-07-23,0.04,0.1
24-07-23,0.03,0.08
25-07-23,0.03,0.07
26-07-23,0.03,0.07
27-07-23,0.03,0.07
28-07-23,0.03,0.07
29-07-23,0.03,0.07
30-07-23,0.03,0.06
31-07-23,0.03,0.06
01-08-23,0.03,0.06
02-08-23,0.03,0.05
03-08-23,0.03,0.04
04-08-23,0.03,0.04
05-08-23,0.02,0.04
06-08-23,0.02,0.04
07-08-23,0.02,0.03
08-08-23,0.02,0.02
09-08-23,0.02,0.03
10-08-23,0.02,0.03
11-08-23,0.01,0.01
12-08-23,0,0.01
13-08-23,0,0.01
14-08-23,0,0.01
15-08-23,0,0.01
16-08-23,0,0.01
17-08-23,0,0.01
18-08-23,0,0.01
19-08-23,0,0.01
20-08-23,0,0.01
21-08-23,0,0.01
22-08-23,0,0.01
23-08-23,0,0.01
24-08-23,0,0.01
25-08-23,0,0.01
26-08-23,0,0.01
27-08-23,0,0.01
28-08-23,0,0.01
29-08-23,0,0.01
30-08-23,0,0.01
31-08-23,0,0.01
01-09-23,0,0.01
02-09-23,0,0.01
03-09-23,0,0.01
04-09-23,0,0.01
05-09-23,0,0.01
06-09-23,0,0.01
07-09-23,0,0.01
08-09-23,0,0.01
09-09-23,-,-
10-09-23,0,0.01
11-09-23,0,0.01
12-09-23,0,0.01
13-09-23,0,0
14-09-23,0,0
15-09-23,0,0
16-09-23,0.29,1
17-09-23,0,0
18-09-23,0.06,0.3
19-09-23,0,0
20-09-23,0,0
21-09-23,0,0
22-09-23,0,0
23-09-23,-,-
24-09-23,-,-
25-09-23,0,0
26-09-23,0,0
27-09-23,0,0
28-09-23,0,0
29-09-23,0,0.01
30-09-23,0,0.01
01-10-23,-,-
02-10-23,0.27,0.96
03-10-23,-,-
04-10-23,0,0
05-10-23,0,0.01
06-10-23,0.05,0.25
07-10-23,0.03,0.13
08-10-23,0.03,0.14
09-10-23,0.03,0.13
10-10-23,0.03,0.12
11-10-23,0.06,0.29
12-10-23,0.05,0.24
13-10-23,0.05,0.24
14-10-23,-,-
15-10-23,0.04,0.18
16-10-23,0.04,0.18
17-10-23,0.03,0.14
18-10-23,0.03,0.13
19-10-23,0.03,0.12
20-10-23,0.03,0.13
21-10-23,0.02,0.09
22-10-23,0.02,0.09
23-10-23,0.02,0.08
24-10-23,0.02,0.06
25-10-23,0.02,0.06
26-10-23,0,0.06
27-10-23,0.02,0.06
28-10-23,0.02,0.06
29-10-23,0.02,0.06
30-10-23,0.02,0.06
31-10-23,0.02,0.05
01-11-23,-,-
02-11-23,-,-
03-11-23,-,-
04-11-23,-,-
05-11-23,-,-
06-11-23,-,-
07-11-23,-,-
08-11-23,-,-
09-11-23,-,-
10-11-23,-,-
11-11-23,-,-
12-11-23,-,-
13-11-23,-,-
14-11-23,-,-
15-11-23,-,-
16-11-23,0.12,0.47
17-11-23,0.12,0.45
18-11-23,0.12,0.43
19-11-23,0.08,0.35
20-11-23,0.08,0.36
21-11-23,0.07,0.3
22-11-23,0.07,0.31
23-11-23,0.09,0.34
24-11-23,0.08,0.34
25-11-23,0.08,0.33
26-11-23,0.08,0.35
27-11-23,0.07,0.27
28-11-23,0.07,0.27
29-11-23,0.07,0.27
30-11-23,0.07,0.31
01-12-23,0.06,0.2
02-12-23,0.07,0.19
03-12-23,0.07,0.19
04-12-23,0.06,0.14
05-12-23,0.06,0.14
06-12-23,0.06,0.13
07-12-23,0.06,0.13
08-12-23,0.06,0.14
09-12-23,0.07,0.18
10-12-23,0.07,0.18
11-12-23,0.06,0.16
12-12-23,0.06,0.16
13-12-23,0.06,0.15
14-12-23,0.07,0.17
15-12-23,0.07,0.18
16-12-23,0.07,0.17
17-12-23,0.07,0.17
18-12-23,-,-
19-12-23,-,-
20-12-23,-,-
21-12-23,-,-
22-12-23,-,-
23-12-23,-,-
24-12-23,-,-
25-12-23,-,-
26-12-23,-,-
27-12-23,-,-
28-12-23,-,-
29-12-23,-,-
30-12-23,-,-
31-12-23,-,-
01-01-24,-,-
02-01-24,-,-
03-01-24,0.06,0.13
04-01-24,0.06,0.14
05-01-24,0.06,0.12
06-01-24,0.06,0.13
07-01-24,0.06,0.13
08-01-24,0.06,0.15
09-01-24,0.06,0.13
10-01-24,0.06,0.13
11-01-24,0.06,-
12-01-24,0.06,-
13-01-24,0.06,0.13
14-01-24,0.06,0.14
15-01-24,0.06,0.14
16-01-24,0.06,0.13
17-01-24,0.06,0.14
18-01-24,0.06,0.14
19-01-24,0.06,0.14
20-01-24,0.06,0.14
21-01-24,0.06,0.14
22-01-24,0.06,0.14
23-01-24,0.07,0.17
24-01-24,0.07,0.16
25-01-24,0.06,0.15
26-01-24,0.06,0.15
27-01-24,0.06,0.14
28-01-24,0.06,0.13
29-01-24,0.05,0.11
30-01-24,0.05,0.11
31-01-24,0.05,0.11
01-02-24,0.05,0.11
02-02-24,0.05,0.11
03-02-24,0.05,0.11
04-02-24,0.04,0.08
05-02-24,0.04,0.08
06-02-24,0.04,0.07
07-02-24,0.04,0.07
08-02-24,0.04,0.74
09-02-24,0.04,0.07
10-02-24,0.04,0.07
11-02-24,0.04,0.08
12-02-24,0.04,0.07
13-02-24,0.04,0.07
14-02-24,0.04,0.07
15-02-24,0.03,0.06
16-02-24,0.03,0.06
17-02-24,0.03,0.05
18-02-24,0.09,0.24
19-02-24,0.08,0.2
20-02-24,0.08,0.2
21-02-24,0.07,0.13
22-02-24,0.06,0.1
23-02-24,0.06,0.11
24-02-24,0.06,0.11
25-02-24,0.06,0.1
26-02-24,0.06,0.1
27-02-24,0.06,0.1
28-02-24,0.06,0.1
29-02-24,0.05,0.07
01-03-24,0.05,0.07
02-03-24,0.05,0.07
03-03-24,0.05,0.07
04-03-24,0.05,0.06
06-03-24,0.05,0.06
07-03-24,0.05,0.06
08-03-24,0.04,0.04
09-03-24,0.04,0.04
10-03-24,0.04,0.04
11-03-24,0.04,0.04
12-03-24,0.04,0.03
13-03-24,0.04,0.03
14-03-24,0.04,0.04
15-03-24,0.04,0.03
16-03-24,0.04,0.03
17-03-24,0.04,0.03
18-03-24,0.08,0.05
19-03-24,0.09,0.2
20-03-24,0.08,0.15
21-03-24,0.08,0.14
22-03-24,0.07,0.12
23-03-24,0.07,0.12
24-03-24,0.07,0.12
25-03-24,0.07,0.11
26-03-24,0.07,0.11
27-03-24,0.07,0.11
28-03-24,0.07,0.11
29-03-24,0.05,0.05
30-03-24,0.05,0.05
31-03-24,0.05,0.05
01-04-24,0.05,0.05
02-04-24,0.04,0.04
03-04-24,0.04,0.03
04-04-24,0.04,0.04
05-04-24,0.04,0.03
06-04-24,0.03,0.03
07-04-24,0.03,0.03
08-04-24,0.03,0.03
09-04-24,0.03,0.03
10-04-24,0.03,0.03
11-04-24,0.02,0.02
12-04-24,0.02,0.02
13-04-24,0.02,0.02
14-04-24,0.02,0.02
15-04-24,0.02,0.02
16-04-24,0.02,0.02
17-04-24,0.02,0.02
18-04-24,0.02,0.01
19-04-24,0.02,0.01
20-04-24,0.02,0.02
21-04-24,0.02,0.02
22-04-24,0.02,0.02
23-04-24,0.04,0.04
24-04-24,0.03,0.03
25-04-24,0.03,0.03
26-04-24,0.03,0.03
27-04-24,0.03,0.03
28-04-24,0.02,0.02
29-04-24,0.02,0.02
30-04-24,0.02,0.02
01-05-24,0.02,0.02
02-05-24,0.02,0.02
03-05-24,0.02,0.02
04-05-24,0.01,0.01
05-05-24,0.01,0.01
06-05-24,0,0.01
07-05-24,0,0.01
08-05-24,0,0.01
09-05-24,0,0.01
10-05-24,0,0.01
11-05-24,0,0.01
12-05-24,0,0.01
13-05-24,0,0.01
14-05-24,0,0.01
15-05-24,0,0.01
16-05-24,0,0.01
17-05-24,0,0.01
18-05-24,0,0.01
19-05-24,0,0.01
20-05-24,0,0.01
21-05-24,0,0.01
22-05-24,0,0.01
23-05-24,0,0.01
24-05-24,0,0.01
25-05-24,0,0.01
26-05-24,0,0.01
27-05-24,0,0.01
28-05-24,0,0.01
29-05-24,0.22,1.18
30-05-24,0.07,0.1
31-05-24,0.06,0.09
01-06-24,0.06,0.08
02-06-24,0.06,0.08
03-06-24,0.06,0.08
04-06-24,0.06,0.08
05-06-24,0.06,0.08
06-06-24,0.04,0.04
07-06-24,0.13,0.3
08-06-24,0.05,0.05
09-06-24,0.05,0.05
10-06-24,0.03,0.03
11-06-24,0.03,0.03
12-06-24,0.02,0.02
13-06-24,0.02,0.02
14-06-24,0.01,0.01
15-06-24,0.01,0.01
16-06-24,0,0.01
17-06-24,0,0.01
18-06-24,0,0.01
19-06-24,0,0.01
20-06-24,3.5,138.52
21-06-24,1.7,58.32
22-06-24,1,30.72
23-06-24,0.9,26.94
24-06-24,0.77,22.09
25-06-24,0.79,22.83
26-06-24,0.78,22.46
27-06-24,0.7,8.97
28-06-24,0.64,0.65
29-06-24,0.59,5.87
30-06-24,0.53,3.94
01-07-24,0.67,7.44
02-07-24,0.85,10.59
03-07-24,0.66,7.17
04-07-24,0.66,7.17
05-07-24,-,-
06-07-24,0.48,4.35
07-07-24,0.44,3.87
08-07-24,0.41,3.55
09-07-24,0.39,3.2
10-07-24,0.39,3.02
11-07-24,0.36,2.66
12-07-24,1.3,42.3
13-07-24,0.7,8.87
14-07-24,0.65,6.78
15-07-24,0.63,6.06
16-07-24,0.6,5.19
17-07-24,0.53,4.71
18-07-24,0.43,3.75
19-07-24,0.42,3.57
20-07-24,0.41,3.4
21-07-24,0.38,2.9
22-07-24,0.38,2.94
23-07-24,0.36,2.71
24-07-24,0.5,2.5
25-07-24,0.41,3.43
26-07-24,0.39,3.03
27-07-24,0.39,3.05
28-07-24,0.37,2.89
29-07-24,0.36,2.63
30-07-24,0.35,2.53
31-07-24,0.35,2.56
01-08-24,0.33,2.1
02-08-24,0.33,2.19
03-08-24,0.33,2.19
04-08-24,0.32,2.04
05-08-24,0.3,0.85
06-08-24,0.3,1.8
07-08-24,0.27,1.46
08-08-24,0.27,1.31
09-08-24,0.26,1.35
10-08-24,0.26,1.31
11-08-24,0.26,1.4
12-08-24,0.26,1.4
13-08-24,0.26,1.35
14-08-24,0.25,1.27
15-08-24,0.25,1.23
16-08-24,0.25,1.23
17-08-24,0.25,1.2
18-08-24,0.24,1.13
19-08-24,0.23,1.03
20-08-24,0.22,0.99
21-08-24,0.22,1.01
22-08-24,0.22,0.99
23-08-24,0.22,1.02
24-08-24,0.22,0.98
25-08-24,0.21,0.97
26-08-24,0.21,0.95
27-08-24,0.21,0.92
28-08-24,0.24,1.2
29-08-24,0.17,0.78
30-08-24,0.17,0.89
31-08-24,0.25,1.24
01-09-24,0.3,1.83
02-09-24,0.23,1.14
03-09-24,0.28,1.57
04-09-24,0.38,2.93
05-09-24,0.64,6.2
06-09-24,0.41,3.52
07-09-24,0.59,5.05
08-09-24,0.42,3.64
09-09-24,0.37,2.78
10-09-24,0.34,2.38
11-09-24,0.33,2.23
12-09-24,0.32,2
13-09-24,0.31,1.89
14-09-24,0.3,1.81
15-09-24,0.31,1.88
16-09-24,0.37,2.72
17-09-24,0.33,2.28
18-09-24,0.35,2.43
19-09-24,0.33,2.2
20-09-24,0.33,2.09
21-09-24,0.33,2.13
22-09-24,0.31,1.95
23-09-24,0.3,1.87
24-09-24,0.3,1.86
25-09-24,0.3,1.8
